address,Year_built,Beds,Baths,Sqft,Lotsize,Price,Link
"
3516 N Creston,
    
Mesa,

Maricopa County,

AZ
85213",2016,3,2,"1,700",0.112 Ac,"
                $445,000 USD
            ",https://www.point2homes.com/US/Home-For-Sale/AZ/Mesa/Arboleda/3516-N-Creston/107293784.html
"
8939 W CAMINO DE ORO --,
    
Peoria,

Maricopa County,

AZ
85383",1979,3,2,"2,942",0.505 Ac,"
                $650,000 USD
            ",https://www.point2homes.com/US/Home-For-Sale/AZ/Peoria/Westwing-Mountain/8939-W-CAMINO-DE-ORO-/109759336.html
"
2580 Climbing Rock Lane,
    
Bullhead City,

Mohave County,

AZ
86442",2021,2,3,"1,715",Site built 1 Story,"
                $363,930 USD
            ",https://www.point2homes.com/US/Home-For-Sale/AZ/Bullhead-City/2580-Climbing-Rock-Lane/109752153.html
"
448 W LARONA Lane,
    
Tempe,

Maricopa County,

AZ
85284",1996,5,4,"3,458",0.157 Ac,"
                $660,000 USD
            ",https://www.point2homes.com/US/Home-For-Sale/AZ/Tempe/Warner-Ranch/448-W-LARONA-Lane/109756743.html
"
11279 S SANTA MARGARITA Lane,
    
Goodyear,

Maricopa County,

AZ
85338",1989,4,4,"2,759",0.379 Ac,"
                $699,000 USD
            ",https://www.point2homes.com/US/Home-For-Sale/AZ/Goodyear/Estrella/11279-S-SANTA-MARGARITA-Lane/109756794.html
"
No address available,
    
Youngtown,

Maricopa County,

AZ
85363",6270507,2,2,"1,580","Ranch, Ranch","
                $217,000 USD
            ",https://www.point2homes.com/US/Home-For-Sale/AZ/Youngtown/No-address-available/109759131.html
"
8345 N VIA LINDA --,
    
Scottsdale,

Maricopa County,

AZ
85258",6269114,5,4,"3,460","Contemporary, Contemporary","
                $1,995,000 USD
            ",https://www.point2homes.com/US/Home-For-Sale/AZ/Scottsdale/McCormick-Ranch/8345-N-VIA-LINDA-/109759149.html
"
9048 E Chickamauga Street,
    
Tucson,

Pima County,

AZ
85710",22119035,4,2,"2,253","Ranch, Ranch","
                $375,000 USD
            ",https://www.point2homes.com/US/Home-For-Sale/AZ/Tucson/Harrison-East-South/9048-E-Chickamauga-Street/109707813.html
"
11796 N Mineral Park Way,
    
Oro Valley,

Pima County,

AZ
85737",22119234,2,3,"1,602","Santa Fe, Santa Fe","
                $315,000 USD
            ",https://www.point2homes.com/US/Home-For-Sale/AZ/Pima-County/Oro-Valley/Monterra/11796-N-Mineral-Park-Way/109776884.html
"
2552 Climbing Rock Lane,
    
Bullhead City,

Mohave County,

AZ
86442",2021,3,4,"2,800",Site built 1 Story,"
                $529,737 USD
            ",https://www.point2homes.com/US/Home-For-Sale/AZ/Bullhead-City/2552-Climbing-Rock-Lane/109752127.html
"
5763 W Michigan Street,
    
Tucson Estates,

Pima County,

AZ
85735",22117794,3,3,"2,236","Ranch, Ranch","
                $699,999 USD
            ",https://www.point2homes.com/US/Home-For-Sale/AZ/Tucson-Estates/5763-W-Michigan-Street/109213387.html
"
23768 W DESERT BLOOM Street,
    
Buckeye,

Maricopa County,

AZ
85326",2004,3,3,"2,154",0.141 Ac,"
                $390,000 USD
            ",https://www.point2homes.com/US/Home-For-Sale/AZ/Buckeye/Sundance/23768-W-DESERT-BLOOM-Street/109756777.html
"
821 Reta St,
    
Clarkdale,

Yavapai County,

AZ
86324",527237,3,2,"1,400","Ranch, Ranch","
                $355,000 USD
            ",https://www.point2homes.com/US/Home-For-Sale/AZ/Yavapai-County/821-Reta-St/109774957.html
"
8740 Country Club Drive ,
    
Pinetop Country Club,

Navajo County,

AZ
85935","
                                ",3,2.5,"2,506",2000,"
                $715,450 USD
            ",https://www.point2homes.com/US/Home-For-Sale/AZ/Pinetop-Country-Club/8740-Country-Club-Drive-/109727304.html
"
5075 W CORTEZ Street,
    
Glendale,

Maricopa County,

AZ
85304",2021,3,3,"2,100",0.148 Ac,"
                $450,000 USD
            ",https://www.point2homes.com/US/Home-For-Sale/AZ/Glendale/Chaparral-Ranch/5075-W-CORTEZ-Street/109759228.html
"
1850 W GLENHAVEN Drive,
    
Phoenix,

Maricopa County,

AZ
85045",1999,3,2,"1,741",0.161 Ac,"
                $499,000 USD
            ",https://www.point2homes.com/US/Home-For-Sale/AZ/Phoenix/Ahwatukee-Foothills/1850-W-GLENHAVEN-Drive/109756802.html
"
7110 W Veda Lane,
    
Wilhoit,

Yavapai County,

AZ
86332",1040340,3,2,"1,457",Double Wide,"
                $265,000 USD
            ",https://www.point2homes.com/US/Home-For-Sale/AZ/Wilhoit/7110-W-Veda-Lane/109774099.html
"
12443 N RIVIERA Drive,
    
Sun City,

Maricopa County,

AZ
85351",6270567,2,1,"1,120","Ranch, Ranch","
                $230,000 USD
            ",https://www.point2homes.com/US/Home-For-Sale/AZ/Maricopa-County/Sun-City/12443-N-RIVIERA-Drive/109759134.html
"
13515 W MEDLOCK Drive,
    
Litchfield Park,

Maricopa County,

AZ
85340",6270508,5,5,"4,592",Santa Barbara/Tuscan,"
                $699,990 USD
            ",https://www.point2homes.com/US/Home-For-Sale/AZ/Litchfield-Park/13515-W-MEDLOCK-Drive/109756695.html
"
1121 E Desert Holly Dr,
    
San Tan Valley,

Pinal County,

AZ
85143",2005,4,3,"2,336",0.119 Ac,"
                $400,000 USD
            ",https://www.point2homes.com/US/Home-For-Sale/AZ/San-Tan-Valley/1121-E-Desert-Holly-Dr/107348424.html
"
13434 N CANTERBURY Drive,
    
Phoenix,

Maricopa County,

AZ
85023",6270360,3,2,"2,100","Contemporary, Contemporary, Ranch","
                $729,900 USD
            ",https://www.point2homes.com/US/Home-For-Sale/AZ/Phoenix/North-Mountain-Village/13434-N-CANTERBURY-Drive/109756928.html
"
2010 N 24TH Street,
    
Phoenix,

Maricopa County,

AZ
85006",1927,4,1,952,0.138 Ac,"
                $299,000 USD
            ",https://www.point2homes.com/US/Home-For-Sale/AZ/Phoenix/Encanto-Village/2010-N-24TH-Street/109756815.html
"
4080 S MINGUS Drive,
    
Chandler,

Maricopa County,

AZ
85249",6269428,3,2,"2,363","Spanish, Spanish","
                $699,900 USD
            ",https://www.point2homes.com/US/Home-For-Sale/AZ/Chandler/Sun-Groves/4080-S-MINGUS-Drive/109759352.html
"
3000 W Sahuaro Divide,
    
Tortolita,

Pima County,

AZ
85742",22119251,4,2,"2,098","Ranch, Ranch","
                $765,999 USD
            ",https://www.point2homes.com/US/Home-For-Sale/AZ/Baja-Arizona/Tortolita/3000-W-Sahuaro-Divide/109776877.html
"
11433 N 43RD Street,
    
Phoenix,

Maricopa County,

AZ
85028",6267522,3,2,"2,141","Spanish, Spanish","
                $719,000 USD
            ",https://www.point2homes.com/US/Home-For-Sale/AZ/Phoenix/Paradise-Valley-Village/11433-N-43RD-Street/109759231.html
"
2726 E Sourwood Drive,
    
Gilbert,

Maricopa County,

AZ
85298",6270501,4,2,"2,109","Ranch, Ranch, Spanish","
                $588,000 USD
            ",https://www.point2homes.com/US/Home-For-Sale/AZ/Gilbert/Freeman-Farms/2726-E-Sourwood-Drive/109759168.html
"
95 S Corral Circle,
    
Cottonwood,

Yavapai County,

AZ
86326",526202,3,2,"2,149","Contemporary, Contemporary, Ranch, Southwest","
                $492,000 USD
            ",https://www.point2homes.com/US/Home-For-Sale/AZ/Yavapai-County/Cottonwood/95-S-Corral-Circle/105251806.html
"
2108 Del Rey Drive,
    
Bullhead City,

Mohave County,

AZ
86442",1,1,1,420,984536,"
                $50,000 USD
            ",https://www.point2homes.com/US/Home-For-Sale/AZ/Bullhead-City/2108-Del-Rey-Drive/109752124.html
"
1717 E Lindrick Drive,
    
Chandler,

Maricopa County,

AZ
85249",1998,2,2,"1,017",0.068 Ac,"
                $320,000 USD
            ",https://www.point2homes.com/US/Home-For-Sale/AZ/Chandler/Springfield/1717-E-Lindrick-Drive/109756907.html
"
855 W HEATHER Avenue,
    
Gilbert,

Maricopa County,

AZ
85233",6257426,3,2,"2,422","Ranch, Ranch","
                $550,000 USD
            ",https://www.point2homes.com/US/Home-For-Sale/AZ/Gilbert/El-Dorado-Lakes/855-W-HEATHER-Avenue/109757014.html
"
18468 W WESTERN STAR Boulevard,
    
Goodyear,

Maricopa County,

AZ
85338",6270236,3,2,"1,973","Ranch, Ranch","
                $495,000 USD
            ",https://www.point2homes.com/US/Home-For-Sale/AZ/Goodyear/Estrella/18468-W-WESTERN-STAR-Boulevard/109756970.html
"
7030 E Potawatami Drive,
    
Catalina Foothills,

Pima County,

AZ
85715",22114463,5,3,"2,902","Ranch, Ranch","
                $679,900 USD
            ",https://www.point2homes.com/US/Home-For-Sale/AZ/Baja-Arizona/Coronado/7030-E-Potawatami-Drive/107369874.html
"
17509 E CHESTNUT Drive,
    
Queen Creek,

Maricopa County,

AZ
85142",6268605,5,4,"2,710","Spanish, Spanish","
                $849,900 USD
            ",https://www.point2homes.com/US/Home-For-Sale/AZ/Queen-Creek/Chandler-Heights/17509-E-CHESTNUT-Drive/109759339.html
"
1450 W Wagon Wheel Rd,
    
Cottonwood,

Yavapai County,

AZ
86326",527284,2,2,"1,278","Ranch, Ranch","
                $374,900 USD
            ",https://www.point2homes.com/US/Home-For-Sale/AZ/Yavapai-County/Cottonwood/1450-W-Wagon-Wheel-Rd/109774961.html
"
11213 E Quarry Avenue,
    
Mesa,

Maricopa County,

AZ
85212",6266250,3,2,"1,509","Ranch, Ranch","
                $400,000 USD
            ",https://www.point2homes.com/US/Home-For-Sale/AZ/Mesa/Mountain-Heights/11213-E-Quarry-Avenue/109759226.html
"
1320 W LISA Lane,
    
Tempe,

Maricopa County,

AZ
85284",1994,5,3,"3,075",0.401 Ac,"
                $660,000 USD
            ",https://www.point2homes.com/US/Home-For-Sale/AZ/Tempe/Warner-Ranch/1320-W-LISA-Lane/109756788.html
"
31507 N 47TH Terrace,
    
Cave Creek,

Maricopa County,

AZ
85331",6270280,4,4,"3,114","Ranch, Ranch","
                $820,000 USD
            ",https://www.point2homes.com/US/Home-For-Sale/AZ/Cave-Creek/31507-N-47TH-Terrace/109756889.html
"
2519 N 29TH Street,
    
Phoenix,

Maricopa County,

AZ
85008",6264980,4,3,"2,547","Contemporary, Contemporary","
                $850,000 USD
            ",https://www.point2homes.com/US/Home-For-Sale/AZ/Maricopa-County/Phoenix/Camelback-East/2519-N-29TH-Street/109756550.html
"
29072 N YELLOW BEE Drive,
    
San Tan Valley,

Pinal County,

AZ
85143",2003,4,2,"1,790",0.128 Ac,"
                $349,950 USD
            ",https://www.point2homes.com/US/Home-For-Sale/AZ/San-Tan-Valley/29072-N-YELLOW-BEE-Drive/109759310.html
"
9914 W OAK RIDGE Drive,
    
Sun City,

Maricopa County,

AZ
85351",6270414,3,2,"1,465","Ranch, Ranch","
                $360,000 USD
            ",https://www.point2homes.com/US/Home-For-Sale/AZ/Maricopa-County/Sun-City/9914-W-OAK-RIDGE-Drive/109756587.html
"
16984 W WINDSOR Avenue,
    
Goodyear,

Maricopa County,

AZ
85395",6268921,2,3,"2,036","Ranch, Ranch","
                $565,000 USD
            ",https://www.point2homes.com/US/Home-For-Sale/AZ/Goodyear/Pebblecreek/16984-W-WINDSOR-Avenue/109756818.html
"
1952 W BUSONI Place,
    
Phoenix,

Maricopa County,

AZ
85023",6270381,2,3,"1,520","Santa Fe, Territorial/Santa Fe","
                $359,900 USD
            ",https://www.point2homes.com/US/Home-For-Sale/AZ/Phoenix/Deer-Valley-Village/1952-W-BUSONI-Place/109759136.html
"
17304 E TEJON Drive,
    
Fountain Hills,

Maricopa County,

AZ
85268",2000,3,2,"1,603",0.263 Ac,"
                $549,900 USD
            ",https://www.point2homes.com/US/Home-For-Sale/AZ/Fountain-Hills/Diamante-del-Lago/17304-E-TEJON-Drive/109756861.html
"
17437 N White Tank Vista,
    
Surprise,

Maricopa County,

AZ
85374",6270511,2,2,"1,800","Ranch, Ranch","
                $400,000 USD
            ",https://www.point2homes.com/US/Home-For-Sale/AZ/Surprise/Arizona-Traditions/17437-N-White-Tank-Vista/109756732.html
"
3832 W EVA Street,
    
Phoenix,

Maricopa County,

AZ
85051",6270572,3,2,"1,797","Ranch, Ranch","
                $389,000 USD
            ",https://www.point2homes.com/US/Home-For-Sale/AZ/Phoenix/North-Mountain-Village/3832-W-EVA-Street/109757057.html
"
739 N VALENCIA Place,
    
Chandler,

Maricopa County,

AZ
85226",6270447,3,2,"1,381","Contemporary, Contemporary","
                $395,000 USD
            ",https://www.point2homes.com/US/Home-For-Sale/AZ/Chandler/Twelve-Oaks/739-N-VALENCIA-Place/109756842.html
"
11394 S 175TH Drive,
    
Goodyear,

Maricopa County,

AZ
85338",6270387,2,3,"1,721","Spanish, Spanish","
                $435,000 USD
            ",https://www.point2homes.com/US/Home-For-Sale/AZ/Goodyear/Estrella-Mountain-Ranch/11394-S-175TH-Drive/109756886.html
"
1776 E DESERT ROSE Trail,
    
San Tan Valley,

Pinal County,

AZ
85143",6270344,3,3,"2,281","Contemporary, Contemporary","
                $345,000 USD
            ",https://www.point2homes.com/US/Home-For-Sale/AZ/San-Tan-Valley/1776-E-DESERT-ROSE-Trail/109756876.html
"
2549 W Shadow Valley Ranch Road,
    
Prescott,

Yavapai County,

AZ
86305",1040648,3,3,"2,570","Contemporary, Contemporary, Walkout Basement, Multi-Level","
                $747,000 USD
            ",https://www.point2homes.com/US/Home-For-Sale/AZ/Prescott-CCD/Greater-Prescott/2549-W-Shadow-Valley-Ranch-Road/109774098.html
"
12742 N Quinoa Drive,
    
Marana,

Pima County,

AZ
85653",22118843,4,2,"2,584","Contemporary, Contemporary","
                $380,000 USD
            ",https://www.point2homes.com/US/Home-For-Sale/AZ/Marana-CCD/12742-N-Quinoa-Drive/109510427.html
"
6229 S Saddle Lane,
    
Hereford,

Cochise County,

AZ
85615",2006,3,2,"1,713",0.235 Ac,"
                $259,900 USD
            ",https://www.point2homes.com/US/Home-For-Sale/AZ/Hereford/6229-S-Saddle-Lane/109756864.html
"
1024 N Mountain Brush Drive 333,
    
Prescott Valley,

Yavapai County,

AZ
86327",6270415,1,2,919,"Ranch, Ranch","
                $225,000 USD
            ",https://www.point2homes.com/US/Home-For-Sale/AZ/Prescott-Valley/1024-N-Mountain-Brush-Drive/109756952.html
"
6330 E Butte Street,
    
Mesa,

Maricopa County,

AZ
85205",1971,2,1,"1,366",0.181 Ac,"
                $273,000 USD
            ",https://www.point2homes.com/US/Home-For-Sale/AZ/Mesa/Alta-Mesa/6330-E-Butte-Street/109756684.html
"
5936 N 189TH Glen,
    
Litchfield Park,

Maricopa County,

AZ
85340",6270394,3,2,"2,037","Ranch, Ranch","
                $494,156 USD
            ",https://www.point2homes.com/US/Home-For-Sale/AZ/Litchfield-Park/5936-N-189TH-Glen/109756744.html
"
329 E Painted Pottery Place,
    
Oro Valley,

Pima County,

AZ
85755",22118985,3,2,"2,621","Mediterranean, Mediterranean","
                $539,000 USD
            ",https://www.point2homes.com/US/Home-For-Sale/AZ/Oro-Valley/Rancho-Vistoso/329-E-Painted-Pottery-Place/109571467.html
"
4750 N Meixner Road,
    
Prescott Valley,

Yavapai County,

AZ
86314",1040733,5,2,"1,821",Multi-Level,"
                $475,000 USD
            ",https://www.point2homes.com/US/Home-For-Sale/AZ/Prescott-Valley/4750-N-Meixner-Road/109774103.html
"
390 Tumamoc Dr,
    
Lake Havasu City,

Mohave County,

AZ
86403",1017463,3,2,"1,192","Ranch, Ranch","
                $300,000 USD
            ",https://www.point2homes.com/US/Home-For-Sale/AZ/Lake-Havasu-City/390-Tumamoc-Dr/109769084.html
"
1137 W Peaceful Meadow Path,
    
Sahuarita,

Pima County,

AZ
85629",22119010,3,3,"2,517","Contemporary, Contemporary","
                $474,900 USD
            ",https://www.point2homes.com/US/Home-For-Sale/AZ/Sahuarita/1137-W-Peaceful-Meadow-Path/109776892.html
"
566 W MONTE Avenue,
    
Mesa,

Maricopa County,

AZ
85210",1994,3,2,"2,136",0.177 Ac,"
                $560,000 USD
            ",https://www.point2homes.com/US/Home-For-Sale/AZ/Mesa/Rancho-del-Mar/566-W-MONTE-Avenue/109757031.html
"
791 Churchill Bay,
    
Lake Havasu City,

Mohave County,

AZ
86406",1017456,3,2,"1,336","Modern, Modern","
                $499,900 USD
            ",https://www.point2homes.com/US/Home-For-Sale/AZ/Lake-Havasu-City/791-Churchill-Bay/109769089.html
"
20001 N 76TH Avenue,
    
Glendale,

Maricopa County,

AZ
85308",6269345,3,2,"1,220","Ranch, Ranch","
                $399,900 USD
            ",https://www.point2homes.com/US/Home-For-Sale/AZ/Glendale/Arrowhead-Ranch/20001-N-76TH-Avenue/109757064.html
"
15022 S 47TH Way,
    
Phoenix,

Maricopa County,

AZ
85044",6260964,4,2,"1,846","Ranch, Ranch","
                $539,000 USD
            ",https://www.point2homes.com/US/Home-For-Sale/AZ/Phoenix/Ahwatukee-Foothills/15022-S-47TH-Way/109757065.html
"
1405 E Orange Street,
    
Tempe,

Maricopa County,

AZ
85281",6270423,3,2,"1,522","Ranch, Ranch","
                $449,500 USD
            ",https://www.point2homes.com/US/Home-For-Sale/AZ/Tempe/Hughes-Acres/1405-E-Orange-Street/109756599.html
"
8620 S 254th Dr,
    
Buckeye,

Maricopa County,

AZ
85326",6269346,4,3,"2,235",Modern,"
                $360,000 USD
            ",https://www.point2homes.com/US/Home-For-Sale/AZ/Buckeye/Sunset-Point/8620-S-254th-Dr/109772282.html
"
9901 W SHIPROCK Drive,
    
Sun City,

Maricopa County,

AZ
85351",6270077,3,2,"1,699","Ranch, Ranch","
                $378,000 USD
            ",https://www.point2homes.com/US/Home-For-Sale/AZ/Maricopa-County/Sun-City/9901-W-SHIPROCK-Drive/109759191.html
"
2640 E Snavely Avenue,
    
Kingman,

Mohave County,

AZ
86409",2,2,2,"1,344",983814,"
                $145,000 USD
            ",https://www.point2homes.com/US/Home-For-Sale/AZ/Kingman/2640-E-Snavely-Avenue/109752150.html
"
2684 Bluewater Dr,
    
Lake Havasu City,

Mohave County,

AZ
86403",1017457,3,3,"1,658","Contemporary, Contemporary","
                $419,900 USD
            ",https://www.point2homes.com/US/Home-For-Sale/AZ/Lake-Havasu-City/2684-Bluewater-Dr/109769088.html
"
4580 W Federal Way,
    
Queen Creek,

Pinal County,

AZ
85142",6270476,3,2,"1,590","Ranch, Ranch","
                $350,000 USD
            ",https://www.point2homes.com/US/Home-For-Sale/AZ/Queen-Creek/4580-W-Federal-Way/109756863.html
"
11533 W COTTONWOOD Lane,
    
Avondale,

Maricopa County,

AZ
85392",6270483,3,2,"1,632","Ranch, Ranch","
                $357,000 USD
            ",https://www.point2homes.com/US/Home-For-Sale/AZ/Avondale/Garden-Lakes/11533-W-COTTONWOOD-Lane/109756779.html
"
2548 Climbing Rock Lane,
    
Bullhead City,

Mohave County,

AZ
86442",2021,2,3,"1,903",Site built 1 Story,"
                $449,825 USD
            ",https://www.point2homes.com/US/Home-For-Sale/AZ/Bullhead-City/2548-Climbing-Rock-Lane/109752165.html
"
5957 S Avenida Barranca Seca,
    
Tucson,

Pima County,

AZ
85706",22119274,4,3,"2,213","Contemporary, Contemporary","
                $299,000 USD
            ",https://www.point2homes.com/US/Home-For-Sale/AZ/Tucson/Cherry-Avenue/5957-S-Avenida-Barranca-Seca/109776895.html
"
3837 E HEATHERBRAE Drive,
    
Phoenix,

Maricopa County,

AZ
85018",6270463,4,5,"3,078","Contemporary, Contemporary, Ranch","
                $1,825,000 USD
            ",https://www.point2homes.com/US/Home-For-Sale/AZ/Phoenix/East-Pheonix/3837-E-HEATHERBRAE-Drive/109756930.html
"
4647 E MICHELLE Drive,
    
Phoenix,

Maricopa County,

AZ
85032",1992,4,3,"2,013",0.14 Ac,"
                $559,900 USD
            ",https://www.point2homes.com/US/Home-For-Sale/AZ/Phoenix/Paradise-Valley-Village/4647-E-MICHELLE-Drive/109756657.html
"
1012 N Stirrup High Drive,
    
Prescott Valley,

Yavapai County,

AZ
86327",1040737,3,2,"1,660","Ranch, Ranch","
                $425,000 USD
            ",https://www.point2homes.com/US/Home-For-Sale/AZ/Prescott-Valley/1012-N-Stirrup-High-Drive/109774102.html
"
8141 W SANDS Road,
    
Glendale,

Maricopa County,

AZ
85303",2020,4,2,"2,012",0.131 Ac,"
                $445,000 USD
            ",https://www.point2homes.com/US/Home-For-Sale/AZ/Glendale/Skyview-West/8141-W-SANDS-Road/109756749.html
"
8545 W HUGHES Drive,
    
Tolleson,

Maricopa County,

AZ
85353",2003,3,2,"2,207",0.186 Ac,"
                $382,200 USD
            ",https://www.point2homes.com/US/Home-For-Sale/AZ/Tolleson/8545-W-HUGHES-Drive/109756994.html
"
22332 N. Arrellaga Drive ,
    
Sun City West,

Maricopa County,

AZ
85375","
                                ",2,2,"1,378",2004,"
                $358,000 USD
            ",https://www.point2homes.com/US/Home-For-Sale/AZ/Sun-City-West/22332-N-Arrellaga-Drive-/109727416.html
"
18821 E SWAN Drive,
    
Queen Creek,

Maricopa County,

AZ
85142",6270333,5,3,"2,109","Spanish, Spanish","
                $450,000 USD
            ",https://www.point2homes.com/US/Home-For-Sale/AZ/Queen-Creek/Cortina/18821-E-SWAN-Drive/109756873.html
"
3413 S 90TH Avenue,
    
Tolleson,

Maricopa County,

AZ
85353",2008,4,3,"3,125",0.143 Ac,"
                $417,000 USD
            ",https://www.point2homes.com/US/Home-For-Sale/AZ/Tolleson/3413-S-90TH-Avenue/109757052.html
"
7405 Esplin Way,
    
Flagstaff,

Coconino County,

AZ
86004",186798,3,2,"1,911",Single Level,"
                $640,000 USD
            ",https://www.point2homes.com/US/Home-For-Sale/AZ/Doney-Park/7405-Esplin-Way/109773027.html
"
811 S SILVERCREEK Court,
    
Casa Grande,

Pinal County,

AZ
85122",2021,3,2,"1,375",0.182 Ac,"
                $311,990 USD
            ",https://www.point2homes.com/US/Home-For-Sale/AZ/Casa-Grande/811-S-SILVERCREEK-Court/109756669.html
"
530 Wilshire Avenue,
    
Kingman,

Mohave County,

AZ
86409",1,2,2,"1,060",984443,"
                $129,900 USD
            ",https://www.point2homes.com/US/Home-For-Sale/AZ/Kingman/530-Wilshire-Avenue/109752144.html
"
616 N Magdalena Street,
    
Prescott Valley,

Yavapai County,

AZ
86327",1040743,3,2,"1,912","Contemporary, Contemporary, Ranch","
                $450,000 USD
            ",https://www.point2homes.com/US/Home-For-Sale/AZ/Prescott-Valley/616-N-Magdalena-Street/109774106.html
"
4643 W CINNAMON Avenue,
    
Coolidge,

Pinal County,

AZ
85128",2021,4,2,"1,790",0.153 Ac,"
                $329,185 USD
            ",https://www.point2homes.com/US/Home-For-Sale/AZ/Coolidge/4643-W-CINNAMON-Avenue/109756651.html
"
40029 N PANTHER CREEK Court,
    
Anthem,

Maricopa County,

AZ
85086",6270309,3,2,"1,135","Ranch, Ranch","
                $385,000 USD
            ",https://www.point2homes.com/US/Home-For-Sale/AZ/Phoenix/40029-N-PANTHER-CREEK-Court/109759300.html
"
161 N SANDAL --,
    
Mesa,

Maricopa County,

AZ
85205",2016,4,3,"2,414",0.07 Ac,"
                $424,900 USD
            ",https://www.point2homes.com/US/Home-For-Sale/AZ/Mesa/Alta-Mesa/161-N-SANDAL-/109759193.html
"
8105 S Comstock Mine Road,
    
Prescott,

Yavapai County,

AZ
86303",1040239,3,3,"4,800","Log, Multi-Level","
                $1,100,000 USD
            ",https://www.point2homes.com/US/Home-For-Sale/AZ/Prescott-CCD/Greater-Prescott/8105-S-Comstock-Mine-Road/109774114.html
"
21600 S CRISMON Road,
    
Queen Creek,

Maricopa County,

AZ
85142",1949,3,2,"2,135",0.876 Ac,"
                $1,600,000 USD
            ",https://www.point2homes.com/US/Home-For-Sale/AZ/Queen-Creek/Queenland-Manor/21600-S-CRISMON-Road/109756688.html
"
11263 E QUADE Circle,
    
Mesa,

Maricopa County,

AZ
85212",2001,3,2,"1,509",0.161 Ac,"
                $395,000 USD
            ",https://www.point2homes.com/US/Home-For-Sale/AZ/Mesa/Mountain-Heights/11263-E-QUADE-Circle/109756846.html
"
18519 N 20Th Place,
    
Phoenix,

Maricopa County,

AZ
85022",2004,4,3,"1,910",0.082 Ac,"
                $489,900 USD
            ",https://www.point2homes.com/US/Home-For-Sale/AZ/Phoenix/Paradise-Valley-Village/18519-N-20Th-Place/109756977.html
"
4342 E Desert Oak Trail,
    
Catalina Foothills,

Pima County,

AZ
85718",22025402,3,3,"2,365","Contemporary, Contemporary","
                $498,500 USD
            ",https://www.point2homes.com/US/Home-For-Sale/AZ/Baja-Arizona/Coronado/4342-E-Desert-Oak-Trail/108772036.html
"
18718 N PALACIO Lane,
    
Surprise,

Maricopa County,

AZ
85387",6270576,2,3,"2,483","Ranch, Ranch","
                $599,900 USD
            ",https://www.point2homes.com/US/Home-For-Sale/AZ/Surprise/Sun-City-Grand/18718-N-PALACIO-Lane/109756665.html
"
9315 W MARIPOSA Drive,
    
Phoenix,

Maricopa County,

AZ
85037",2001,3,2,"2,157",0.172 Ac,"
                $415,000 USD
            ",https://www.point2homes.com/US/Home-For-Sale/AZ/Phoenix/Maryvale/9315-W-MARIPOSA-Drive/109756740.html
"
1960 W Omar Drive,
    
Casas Adobes,

Pima County,

AZ
85704",22119142,4,3,"2,171","Ranch, Ranch, Territorial","
                $489,000 USD
            ",https://www.point2homes.com/US/Home-For-Sale/AZ/Baja-Arizona/Coronado/1960-W-Omar-Drive/109776894.html
"
28001 N 210TH Avenue,
    
Wittmann,

Maricopa County,

AZ
85361",6252001,4,2,"1,800","Ranch, Ranch","
                $495,000 USD
            ",https://www.point2homes.com/US/Home-For-Sale/AZ/Wittmann/28001-N-210TH-Avenue/109759182.html
"
40000 W HOPPER Drive,
    
Maricopa,

Pinal County,

AZ
85138",2015,5,3,"3,267",0.138 Ac,"
                $449,900 USD
            ",https://www.point2homes.com/US/Home-For-Sale/AZ/Maricopa/40000-W-HOPPER-Drive/109756585.html
"
1932 Oliver Drive,
    
Bullhead City,

Mohave County,

AZ
86442",1,2,1,720,984530,"
                $50,000 USD
            ",https://www.point2homes.com/US/Home-For-Sale/AZ/Bullhead-City/1932-Oliver-Drive/109752134.html
"
2008 E BEAUTIFUL Lane,
    
Phoenix,

Maricopa County,

AZ
85042",6266623,3,2,"1,852","Ranch, Ranch","
                $399,000 USD
            ",https://www.point2homes.com/US/Home-For-Sale/AZ/Phoenix/South-Mountain-Highland-Terrace/2008-E-BEAUTIFUL-Lane/109756811.html
"
2338 Regatta Ct,
    
Lake Havasu City,

Mohave County,

AZ
86404",2005,3,2,"1,966",0.37 Ac,"
                $675,000 USD
            ",https://www.point2homes.com/US/Home-For-Sale/AZ/Lake-Havasu-City/2338-Regatta-Ct/109769081.html
"
810 S Fremont Avenue 2,
    
Tucson,

Pima County,

AZ
85719",22119075,3,2,"1,800","Contemporary, Contemporary","
                $310,000 USD
            ",https://www.point2homes.com/US/Home-For-Sale/AZ/Tucson/Millville/810-S-Fremont-Avenue/109598642.html
"
4145 W Bluefield Avenue,
    
Glendale,

Maricopa County,

AZ
85308",1985,4,2,"2,028",0.166 Ac,"
                $415,000 USD
            ",https://www.point2homes.com/US/Home-For-Sale/AZ/Glendale/Arrowhead-Ranch/4145-W-Bluefield-Avenue/109759116.html
"
15931 W QUAIL BRUSH Lane,
    
Surprise,

Maricopa County,

AZ
85374",2000,2,2,"1,282",0.221 Ac,"
                $369,000 USD
            ",https://www.point2homes.com/US/Home-For-Sale/AZ/Surprise/Sun-City-Grand/15931-W-QUAIL-BRUSH-Lane/109759224.html
"
343 E Streams Edge Place,
    
Oro Valley,

Pima County,

AZ
85737",22119191,5,3,"2,626","Contemporary, Contemporary","
                $444,000 USD
            ",https://www.point2homes.com/US/Home-For-Sale/AZ/Oro-Valley/Linda-Vista/343-E-Streams-Edge-Place/109776868.html
"
1449 E AVENIDA FRESCA --,
    
Casa Grande,

Pinal County,

AZ
85122",6269819,3,2,"1,630","Ranch, Ranch","
                $260,000 USD
            ",https://www.point2homes.com/US/Home-For-Sale/AZ/Casa-Grande/1449-E-AVENIDA-FRESCA-/109756735.html
"
18265 W EVA Street,
    
Waddell,

Maricopa County,

AZ
85355",6270395,4,3,"2,438",Santa Barbara/Tuscan,"
                $399,000 USD
            ",https://www.point2homes.com/US/Home-For-Sale/AZ/Waddell/18265-W-EVA-Street/109759133.html
"
2052 Swan Circle,
    
Bullhead City,

Mohave County,

AZ
86442",1,1,1,500,984534,"
                $40,000 USD
            ",https://www.point2homes.com/US/Home-For-Sale/AZ/Bullhead-City/2052-Swan-Circle/109752123.html
"
325 N Palo Verde St,
    
Cottonwood,

Yavapai County,

AZ
86326",527282,2,2,"1,482","Ranch, Ranch","
                $335,000 USD
            ",https://www.point2homes.com/US/Home-For-Sale/AZ/Yavapai-County/Cottonwood/325-N-Palo-Verde-St/109706180.html
"
2014 N 24TH Street,
    
Phoenix,

Maricopa County,

AZ
85006",1945,3,2,"1,401",0.138 Ac,"
                $299,000 USD
            ",https://www.point2homes.com/US/Home-For-Sale/AZ/Phoenix/Encanto-Village/2014-N-24TH-Street/109759129.html
"
1971 E DERRINGER Way,
    
Chandler,

Maricopa County,

AZ
85286",2001,4,3,"2,689",0.199 Ac,"
                $639,000 USD
            ",https://www.point2homes.com/US/Home-For-Sale/AZ/Chandler/1971-E-DERRINGER-Way/109756765.html
"
2836 W Greenstreak Drive,
    
Casas Adobes,

Pima County,

AZ
85741",22117773,3,3,"2,311","Mediterranean, Mediterranean","
                $340,000 USD
            ",https://www.point2homes.com/US/Home-For-Sale/AZ/Baja-Arizona/Coronado/2836-W-Greenstreak-Drive/109776869.html
"
20435 E Wagon Wheel Circle,
    
Black Canyon City,

Yavapai County,

AZ
85324",6270389,3,2,"1,546","Ranch, Ranch","
                $309,000 USD
            ",https://www.point2homes.com/US/Home-For-Sale/AZ/Black-Canyon-City/20435-E-Wagon-Wheel-Circle/109756924.html
"
3232 Cutthroat Circle,
    
Pinetop Country Club,

Navajo County,

AZ
85935",236800,3,2,"1,549",Single Level,"
                $399,000 USD
            ",https://www.point2homes.com/US/Home-For-Sale/AZ/Pinetop-Country-Club/3232-Cutthroat-Circle/109752427.html
"
2196 E Bloor Way,
    
Fort Mohave,

Mohave County,

AZ
86426",2005,3,2,"1,316",1.21 Ac,"
                $264,900 USD
            ",https://www.point2homes.com/US/Home-For-Sale/AZ/Mohave-County/Fort-Mohave/2196-E-Bloor-Way/109752151.html
"
2263 Brookfield Drive,
    
Bullhead City,

Mohave County,

AZ
86442",1999,3,2,"1,886",Site built 1 Story,"
                $379,900 USD
            ",https://www.point2homes.com/US/Home-For-Sale/AZ/Bullhead-City/2263-Brookfield-Drive/109752133.html
"
3456 E. Franklin Avenue ,
    
Gilbert,

Maricopa County,

AZ
85295","
                                ",4,3,"3,076",2011,"
                $725,000 USD
            ",https://www.point2homes.com/US/Home-For-Sale/AZ/Gilbert/Lyons-Gate/3456-E-Franklin-Avenue-/109727412.html
"
2181 Souchak Drive,
    
Lake Havasu City,

Mohave County,

AZ
86406",1988,3,2,"1,688","Bungalow, Bungalow, Ranch","
                $610,000 USD
            ",https://www.point2homes.com/US/Home-For-Sale/AZ/Lake-Havasu-City/2181-Souchak-Drive/109769086.html
"
629 King Copper Rd,
    
Clarkdale,

Yavapai County,

AZ
86324",2006,3,3,"2,887",0.13 Ac,"
                $489,900 USD
            ",https://www.point2homes.com/US/Home-For-Sale/AZ/Yavapai-County/629-King-Copper-Rd/109774962.html
"
2949 W Mcrae Way,
    
Phoenix,

Maricopa County,

AZ
85027",6267519,3,2,"2,386","Ranch, Ranch","
                $489,900 USD
            ",https://www.point2homes.com/US/Home-For-Sale/AZ/Phoenix/Deer-Valley-Village/2949-W-Mcrae-Way/109759230.html
"
10902 E KIVA Avenue,
    
Mesa,

Maricopa County,

AZ
85209",1999,2,2,"1,165",0.145 Ac,"
                $389,000 USD
            ",https://www.point2homes.com/US/Home-For-Sale/AZ/Mesa/Augusta-Ranch/10902-E-KIVA-Avenue/109757011.html
"
1101 W EMELITA Avenue,
    
Mesa,

Maricopa County,

AZ
85210",6269074,3,2,"1,515","Ranch, Ranch","
                $305,000 USD
            ",https://www.point2homes.com/US/Home-For-Sale/AZ/Mesa/Powell-Estates/1101-W-EMELITA-Avenue/109756827.html
"
12525 W JEFFERSON Street,
    
Avondale,

Maricopa County,

AZ
85323",2002,3,2,"1,575",0.121 Ac,"
                $350,000 USD
            ",https://www.point2homes.com/US/Home-For-Sale/AZ/Avondale/Coldwater-Springs/12525-W-JEFFERSON-Street/109759163.html
"
2457 N Strawberry Way,
    
Flagstaff,

Coconino County,

AZ
86004",186803,5,3,"2,862",Single Level,"
                $765,000 USD
            ",https://www.point2homes.com/US/Home-For-Sale/AZ/Flagstaff-CCD/2457-N-Strawberry-Way/109773026.html
"
9976 E Via Del Pasto,
    
Tucson,

Pima County,

AZ
85747",22119259,4,2,"1,935","Contemporary, Contemporary","
                $339,000 USD
            ",https://www.point2homes.com/US/Home-For-Sale/AZ/Tucson/Rita-Ranch/9976-E-Via-Del-Pasto/109776870.html
"
10943 E LINDNER Avenue,
    
Mesa,

Maricopa County,

AZ
85209",1998,2,2,"1,375",0.149 Ac,"
                $370,000 USD
            ",https://www.point2homes.com/US/Home-For-Sale/AZ/Mesa/Augusta-Ranch/10943-E-LINDNER-Avenue/109759347.html
"
326 W BRUCE Avenue,
    
Gilbert,

Maricopa County,

AZ
85233",1994,3,2,"1,384",0.108 Ac,"
                $415,000 USD
            ",https://www.point2homes.com/US/Home-For-Sale/AZ/Gilbert/Val-Vista-Lakes/326-W-BRUCE-Avenue/109759277.html
"
889 N Taylor Rd,
    
Willcox,

Cochise County,

AZ
85643",1717726,3,2,"1,890","Commercial, Fixer Upper, 1 story above ground","
                $180,000 USD
            ",https://www.point2homes.com/US/Home-For-Sale/AZ/Willcox/889-N-Taylor-Rd/109758864.html
"
5323 W LONE CACTUS Drive,
    
Glendale,

Maricopa County,

AZ
85308",1996,6,4,"3,758",0.211 Ac,"
                $998,888 USD
            ",https://www.point2homes.com/US/Home-For-Sale/AZ/Glendale/Arrowhead-Ranch/5323-W-LONE-CACTUS-Drive/109756929.html
"
3062 W SANTA CRUZ Avenue,
    
Queen Creek,

Pinal County,

AZ
85142",2004,4,3,"2,011",0.112 Ac,"
                $374,900 USD
            ",https://www.point2homes.com/US/Home-For-Sale/AZ/Queen-Creek/3062-W-SANTA-CRUZ-Avenue/109759146.html
"
3465 Navoti Drive,
    
Sedona,

Yavapai County,

AZ
86336",526741,3,3,"2,251",Southwest,"
                $975,000 USD
            ",https://www.point2homes.com/US/Home-For-Sale/AZ/Sedona/3465-Navoti-Drive/107413143.html
"
7083 Breeze Way Lane,
    
Linden,

Navajo County,

AZ
85901",1979,2,3,"1,682",0.85 Ac,"
                $425,000 USD
            ",https://www.point2homes.com/US/Home-For-Sale/AZ/Linden/7083-Breeze-Way-Lane/109752424.html
"
1445 W Kenrick Drive,
    
Wickenburg,

Maricopa County,

AZ
85390",2018,3,2,"3,230",1.532 Ac,"
                $770,000 USD
            ",https://www.point2homes.com/US/Home-For-Sale/AZ/Wickenburg/1445-W-Kenrick-Drive/109759350.html
"
620 Zaire Court,
    
Rio Rico,

Santa Cruz County,

AZ
85648",22119270,3,2,"1,498","Ranch, Ranch","
                $275,000 USD
            ",https://www.point2homes.com/US/Home-For-Sale/AZ/Rio-Rico/620-Zaire-Court/109776891.html
"
1405 Sierry Peaks Drive,
    
Prescott,

Yavapai County,

AZ
86305",1040734,4,3,"3,667","Contemporary, Contemporary, Multi-Level","
                $1,099,000 USD
            ",https://www.point2homes.com/US/Home-For-Sale/AZ/Prescott-CCD/1405-Sierry-Peaks-Drive/109774107.html
"
12319 W PALMAIRE Avenue,
    
Glendale,

Maricopa County,

AZ
85307",6270579,4,2,"1,800","Ranch, Ranch","
                $409,900 USD
            ",https://www.point2homes.com/US/Home-For-Sale/AZ/Glendale/Capistrano-North/12319-W-PALMAIRE-Avenue/109757048.html
"
1721 Rolling Hills Drive,
    
Prescott,

Yavapai County,

AZ
86303",2002,3,2,"1,990",0.33 Ac,"
                $750,000 USD
            ",https://www.point2homes.com/US/Home-For-Sale/AZ/Prescott-CCD/1721-Rolling-Hills-Drive/109774100.html
"
25532 W CROWN KING Road,
    
Buckeye,

Maricopa County,

AZ
85326",6269850,3,3,"2,485","Contemporary, Contemporary","
                $375,000 USD
            ",https://www.point2homes.com/US/Home-For-Sale/AZ/Buckeye/Westpark/25532-W-CROWN-KING-Road/109756949.html
"
5293 S Tierra Linda Drive,
    
Fort Mohave,

Mohave County,

AZ
86426",984524,4,2,"1,547",Site built 1 Story,"
                $369,900 USD
            ",https://www.point2homes.com/US/Home-For-Sale/AZ/Mohave-County/Fort-Mohave/5293-S-Tierra-Linda-Drive/109752120.html
"
10180 E Larkspur Drive,
    
Scottsdale,

Maricopa County,

AZ
85260",6260334,4,3,"2,748","Ranch, Ranch","
                $1,550,000 USD
            ",https://www.point2homes.com/US/Home-For-Sale/AZ/Scottsdale/Horizons/10180-E-Larkspur-Drive/109756659.html
"
1949 E STACEY Road,
    
Queen Creek,

Maricopa County,

AZ
85142",2013,5,3,"2,121",0.175 Ac,"
                $550,000 USD
            ",https://www.point2homes.com/US/Home-For-Sale/AZ/Queen-Creek/Chandler-Heights/1949-E-STACEY-Road/109759172.html
"
35526 E Peregrine Place,
    
Tucson,

Pinal County,

AZ
85739",22119094,2,3,"2,578",Southwestern,"
                $699,000 USD
            ",https://www.point2homes.com/US/Home-For-Sale/AZ/Tucson/35526-E-Peregrine-Place/109776890.html
"
125 N 22nd Place #93 --,
    
Mesa,

Maricopa County,

AZ
85213",6257243,3,2,"1,302","Ranch, Ranch","
                $339,900 USD
            ",https://www.point2homes.com/US/Home-For-Sale/AZ/Mesa/Meadowgreen/125-N-22nd-Place-93-/109756621.html
"
14573 W LAJOLLA Drive,
    
Litchfield Park,

Maricopa County,

AZ
85340",6263687,5,6,"3,919","Spanish, Spanish","
                $899,900 USD
            ",https://www.point2homes.com/US/Home-For-Sale/AZ/Litchfield-Park/14573-W-LAJOLLA-Drive/109756783.html
"
10844 W MEADE Drive,
    
Sun City,

Maricopa County,

AZ
85351",6267714,2,1,"1,235","Ranch, Ranch","
                $325,000 USD
            ",https://www.point2homes.com/US/Home-For-Sale/AZ/Maricopa-County/Sun-City/10844-W-MEADE-Drive/109757053.html
"
14138 E PEAK VIEW Road,
    
Scottsdale,

Maricopa County,

AZ
85262",1997,4,4,"6,000",8 Ac,"
                $2,500,000 USD
            ",https://www.point2homes.com/US/Home-For-Sale/AZ/Scottsdale/Sunrise-Desert-Vistas/14138-E-PEAK-VIEW-Road/109759157.html
"
10426 W ILLINI Street,
    
Tolleson,

Maricopa County,

AZ
85353",2007,4,2,"2,258",0.145 Ac,"
                $410,000 USD
            ",https://www.point2homes.com/US/Home-For-Sale/AZ/Tolleson/10426-W-ILLINI-Street/109756672.html
"
341 W Shady Glenn Drive,
    
Williams,

Coconino County,

AZ
86320",1040736,3,2,"1,440",Double Wide,"
                $100,000 USD
            ",https://www.point2homes.com/US/Home-For-Sale/AZ/Williams-CCD/Greater-Valle/341-W-Shady-Glenn-Drive/109774105.html
"
19615 W SOLANO Drive,
    
Buckeye,

Maricopa County,

AZ
85326",2016,4,4,"2,247",0.137 Ac,"
                $425,000 USD
            ",https://www.point2homes.com/US/Home-For-Sale/AZ/Buckeye/Sundance/19615-W-SOLANO-Drive/109757070.html
"
3775 E HANS Drive,
    
Gilbert,

Maricopa County,

AZ
85296",2014,3,3,"1,961",0.091 Ac,"
                $460,000 USD
            ",https://www.point2homes.com/US/Home-For-Sale/AZ/Gilbert/Greenfield-Lakes/3775-E-HANS-Drive/109759135.html
"
317 E 4TH Street,
    
Casa Grande,

Pinal County,

AZ
85122",1975,2,1,"1,326",0.133 Ac,"
                $199,000 USD
            ",https://www.point2homes.com/US/Home-For-Sale/AZ/Casa-Grande/317-E-4TH-Street/109756660.html
"
23605 N 24TH Terrace,
    
Phoenix,

Maricopa County,

AZ
85024",2007,6,4,"3,958",0.148 Ac,"
                $689,000 USD
            ",https://www.point2homes.com/US/Home-For-Sale/AZ/Phoenix/Desert-View/23605-N-24TH-Terrace/109759342.html
"
28864 N Pamela Drive,
    
Queen Creek,

Pinal County,

AZ
85142",6217258,4,3,"3,025","Ranch, Ranch","
                $749,900 USD
            ",https://www.point2homes.com/US/Home-For-Sale/AZ/Queen-Creek/28864-N-Pamela-Drive/109757019.html
"
16922 N VERDE Place,
    
Maricopa,

Pinal County,

AZ
85138",2018,4,2,"1,911",0.181 Ac,"
                $359,000 USD
            ",https://www.point2homes.com/US/Home-For-Sale/AZ/Maricopa/16922-N-VERDE-Place/109756626.html
"
440 Cabaret Street,
    
Prescott,

Yavapai County,

AZ
86301",1040735,3,3,"1,994","Contemporary, Contemporary","
                $791,500 USD
            ",https://www.point2homes.com/US/Home-For-Sale/AZ/Prescott-CCD/440-Cabaret-Street/109774104.html
"
4311 N 17th Avenue,
    
Phoenix,

Maricopa County,

AZ
85015","
                                ",3,1,"1,500",1948,"
                $370,000 USD
            ",https://www.point2homes.com/US/Home-For-Sale/AZ/Phoenix/Encanto-Village/4311-N-17th-Avenue/109726795.html
"
2302 W DEL CAMPO Circle,
    
Mesa,

Maricopa County,

AZ
85202",1970,4,2,"1,903",0.203 Ac,"
                $470,000 USD
            ",https://www.point2homes.com/US/Home-For-Sale/AZ/Mesa/Powell-Estates/2302-W-DEL-CAMPO-Circle/109757013.html
"
321 E CLAREMONT Street,
    
Phoenix,

Maricopa County,

AZ
85012",6269020,4,5,"3,656","Contemporary, Contemporary","
                $1,900,000 USD
            ",https://www.point2homes.com/US/Home-For-Sale/AZ/Maricopa-County/Phoenix/Camelback-East/321-E-CLAREMONT-Street/109756937.html
"
21682 N 53rd Drive ,
    
Glendale,

Maricopa County,

AZ
85308","
                                ",4,3.5,"3,855",1997,"
                $949,000 USD
            ",https://www.point2homes.com/US/Home-For-Sale/AZ/Glendale/Arrowhead-Ranch/21682-N-53rd-Drive-/109727378.html
"
14230 W VOLTAIRE Street,
    
Surprise,

Maricopa County,

AZ
85379",2020,3,2,"1,324",0.083 Ac,"
                $385,000 USD
            ",https://www.point2homes.com/US/Home-For-Sale/AZ/Surprise/Mountain-Gate/14230-W-VOLTAIRE-Street/109756715.html
"
9250 E Charlotte Place,
    
Tucson,

Pima County,

AZ
85710",22118043,4,4,"3,244",Southwestern,"
                $550,000 USD
            ",https://www.point2homes.com/US/Home-For-Sale/AZ/Tucson/Harrison-East-South/9250-E-Charlotte-Place/109213304.html
"
3749 E DULCIANA Avenue,
    
Mesa,

Maricopa County,

AZ
85206",1984,4,2,"1,500",0.216 Ac,"
                $390,000 USD
            ",https://www.point2homes.com/US/Home-For-Sale/AZ/Mesa/Meadowgreen/3749-E-DULCIANA-Avenue/109759292.html
"
7896 S DATELAND Drive,
    
Tempe,

Maricopa County,

AZ
85284",1999,3,3,"2,628",0.271 Ac,"
                $720,000 USD
            ",https://www.point2homes.com/US/Home-For-Sale/AZ/Tempe/Sandahl/7896-S-DATELAND-Drive/109759169.html
"
39100 W Habu Drive,
    
Ash Fork,

Yavapai County,

AZ
86337",2004,3,2,"1,568",34.542 Ac,"
                $322,000 USD
            ",https://www.point2homes.com/US/Home-For-Sale/AZ/Ash-Fork-CCD/39100-W-Habu-Drive/109759236.html
"
19051 S 211TH Way,
    
Queen Creek,

Maricopa County,

AZ
85142",6268986,4,3,"2,770","Ranch, Ranch","
                $650,000 USD
            ",https://www.point2homes.com/US/Home-For-Sale/AZ/Queen-Creek/Ellsworth/19051-S-211TH-Way/109756917.html
"
978 Heather Lane,
    
Chino Valley,

Yavapai County,

AZ
86323",1040472,4,2,"2,286","Ranch, Ranch","
                $595,000 USD
            ",https://www.point2homes.com/US/Home-For-Sale/AZ/Chino-Valley/978-Heather-Lane/109317832.html
"
21616 S CRISMON Road,
    
Queen Creek,

Maricopa County,

AZ
85142",1985,3,2,"3,644",0.9 Ac,"
                $1,600,000 USD
            ",https://www.point2homes.com/US/Home-For-Sale/AZ/Queen-Creek/Queenland-Manor/21616-S-CRISMON-Road/109756737.html
"
20565 W NELSON Place,
    
Buckeye,

Maricopa County,

AZ
85396",6269527,3,2,"1,623","Spanish, Spanish","
                $390,000 USD
            ",https://www.point2homes.com/US/Home-For-Sale/AZ/Buckeye/Verrado/20565-W-NELSON-Place/109756987.html
"
1009 Riata Valley Circle,
    
Kingman,

Mohave County,

AZ
86409",984460,3,3,"2,692",Site built 1 Story,"
                $478,000 USD
            ",https://www.point2homes.com/US/Home-For-Sale/AZ/Kingman/1009-Riata-Valley-Circle/109752152.html
"
7733 E BUTEO Drive,
    
Scottsdale,

Maricopa County,

AZ
85255",1998,5,3,"2,599",0.171 Ac,"
                $799,000 USD
            ",https://www.point2homes.com/US/Home-For-Sale/AZ/Scottsdale/Grayhawk/7733-E-BUTEO-Drive/109759238.html
"
4320 E HARVARD Avenue,
    
Gilbert,

Maricopa County,

AZ
85234",1989,3,2,"1,725",0.157 Ac,"
                $449,000 USD
            ",https://www.point2homes.com/US/Home-For-Sale/AZ/Gilbert/Towne-Meadows/4320-E-HARVARD-Avenue/109756978.html
"
6601 W LARIAT Lane,
    
Phoenix,

Maricopa County,

AZ
85083",6269217,4,3,"2,104","Contemporary, Contemporary","
                $499,082 USD
            ",https://www.point2homes.com/US/Home-For-Sale/AZ/Phoenix/Stetson-Valley/6601-W-LARIAT-Lane/109756834.html
"
1205 Hillview Cir,
    
Lake Havasu City,

Mohave County,

AZ
86403",2004,3,2,"1,775",0.26 Ac,"
                $625,000 USD
            ",https://www.point2homes.com/US/Home-For-Sale/AZ/Lake-Havasu-City/1205-Hillview-Cir/109769082.html
"
1417 E BERRIDGE Lane,
    
Phoenix,

Maricopa County,

AZ
85014",6203363,4,2,"2,043","Ranch, Ranch","
                $599,000 USD
            ",https://www.point2homes.com/US/Home-For-Sale/AZ/Maricopa-County/Phoenix/Camelback-East/1417-E-BERRIDGE-Lane/109756939.html
"
9017 E Nacoma Drive,
    
Sun Lakes,

Maricopa County,

AZ
85248",6270525,3,2,"2,250","Ranch, Ranch","
                $575,000 USD
            ",https://www.point2homes.com/US/Home-For-Sale/AZ/Chandler/9017-E-Nacoma-Drive/109756698.html
"
6512 W Whispering Windmill Lane,
    
Marana,

Pima County,

AZ
85658",22117348,4,3,"3,047","Contemporary, Contemporary","
                $700,000 USD
            ",https://www.point2homes.com/US/Home-For-Sale/AZ/Marana-CCD/6512-W-Whispering-Windmill-Lane/108715450.html
"
2584 Climbing Rock Lane,
    
Bullhead City,

Mohave County,

AZ
86442",2021,2,3,"1,903",Site built 1 Story,"
                $394,135 USD
            ",https://www.point2homes.com/US/Home-For-Sale/AZ/Bullhead-City/2584-Climbing-Rock-Lane/109752118.html
"
1100 W CHIMES TOWER Drive,
    
Casa Grande,

Pinal County,

AZ
85122",2021,4,2,"2,122",0.212 Ac,"
                $378,590 USD
            ",https://www.point2homes.com/US/Home-For-Sale/AZ/Casa-Grande/1100-W-CHIMES-TOWER-Drive/109756770.html
"
1904 E Leisure Lane,
    
Fort Mohave,

Mohave County,

AZ
86426",984463,2,2,"1,434",Site built 1 Story,"
                $259,900 USD
            ",https://www.point2homes.com/US/Home-For-Sale/AZ/Mohave-County/Fort-Mohave/1904-E-Leisure-Lane/109752119.html
"
14138 E PEAK VIEW Road,
    
Scottsdale,

Maricopa County,

AZ
85262",1997,4,4,"6,000",13 Ac,"
                $3,000,000 USD
            ",https://www.point2homes.com/US/Home-For-Sale/AZ/Scottsdale/Sunrise-Desert-Vistas/14138-E-PEAK-VIEW-Road/109756963.html
"
16437 E NICKLAUS Drive,
    
Fountain Hills,

Maricopa County,

AZ
85268",6266489,3,4,"3,461","Spanish, Spanish","
                $832,000 USD
            ",https://www.point2homes.com/US/Home-For-Sale/AZ/Fountain-Hills/Firerock/16437-E-NICKLAUS-Drive/109759349.html
"
1541 E FLOWER Circle,
    
Mesa,

Maricopa County,

AZ
85204",1974,3,2,"1,788",0.181 Ac,"
                $349,900 USD
            ",https://www.point2homes.com/US/Home-For-Sale/AZ/Mesa/Powell-Estates/1541-E-FLOWER-Circle/109756671.html
"
5050 N 2ND Street,
    
Phoenix,

Maricopa County,

AZ
85012",1924,5,5,"4,486",0.334 Ac,"
                $2,000,000 USD
            ",https://www.point2homes.com/US/Home-For-Sale/AZ/Maricopa-County/Phoenix/Camelback-East/5050-N-2ND-Street/109756544.html
"
30427 N 42ND Place,
    
Cave Creek,

Maricopa County,

AZ
85331",6270379,3,3,"1,674",Santa Barbara/Tuscan,"
                $440,000 USD
            ",https://www.point2homes.com/US/Home-For-Sale/AZ/Cave-Creek/30427-N-42ND-Place/109756969.html
"
4809 W Candleberry Way,
    
Tortolita,

Pima County,

AZ
85742",22118647,3,2,"1,582","Contemporary, Contemporary, Ranch","
                $275,000 USD
            ",https://www.point2homes.com/US/Home-For-Sale/AZ/Baja-Arizona/Tortolita/4809-W-Candleberry-Way/109776879.html
"
766 Cherokee Road,
    
Prescott,

Yavapai County,

AZ
86303",1040345,4,4,"2,957","Ranch, Ranch, Walkout Basement","
                $950,000 USD
            ",https://www.point2homes.com/US/Home-For-Sale/AZ/Prescott-CCD/766-Cherokee-Road/109206491.html
"
8654 E CHERYL Drive,
    
Scottsdale,

Maricopa County,

AZ
85258",6269160,4,3,"2,800","Ranch, Ranch","
                $1,444,000 USD
            ",https://www.point2homes.com/US/Home-For-Sale/AZ/Scottsdale/McCormick-Ranch/8654-E-CHERYL-Drive/109756703.html
"
7211 W Dupont Way,
    
Valencia West,

Pima County,

AZ
85757",22117186,4,3,"2,300","Ranch, Ranch","
                $375,500 USD
            ",https://www.point2homes.com/US/Home-For-Sale/AZ/Valencia-West/7211-W-Dupont-Way/108619407.html
"
3018 E WELDON Avenue,
    
Phoenix,

Maricopa County,

AZ
85016",6270474,3,2,"1,995","Spanish, Spanish","
                $675,000 USD
            ",https://www.point2homes.com/US/Home-For-Sale/AZ/Phoenix/Biltmore/3018-E-WELDON-Avenue/109756848.html
"
1310 S OWL Drive,
    
Gilbert,

Maricopa County,

AZ
85296",6270413,3,2,"1,061",Santa Barbara/Tuscan,"
                $310,000 USD
            ",https://www.point2homes.com/US/Home-For-Sale/AZ/Gilbert/Lyons-Gate/1310-S-OWL-Drive/109756733.html
"
383 S Via De Los Campos,
    
Tucson,

Pima County,

AZ
85711",22119241,4,2,"2,288",Santa Barbara,"
                $500,000 USD
            ",https://www.point2homes.com/US/Home-For-Sale/AZ/Tucson/Rosemont-Aledea-Linda/383-S-Via-De-Los-Campos/109776881.html
"
1901 W PERSHING Avenue,
    
Phoenix,

Maricopa County,

AZ
85029",1966,5,3,"2,194",0.25 Ac,"
                $499,900 USD
            ",https://www.point2homes.com/US/Home-For-Sale/AZ/Phoenix/North-Mountain-Village/1901-W-PERSHING-Avenue/109757015.html
"
14620 E. Diamond Sky Trail ,
    
Mingus Mountain,

Yavapai County,

AZ
86315","
                                ",3,3,"2,471",2017,"
                $898,000 USD
            ",https://www.point2homes.com/US/Home-For-Sale/AZ/Mingus-Mountain/Woodchute-Mountain/14620-E-Diamond-Sky-Trail-/109727427.html
"
41378 W GRANADA Drive,
    
Maricopa,

Pinal County,

AZ
85138",6266965,4,3,"2,463",Santa Barbara/Tuscan,"
                $370,000 USD
            ",https://www.point2homes.com/US/Home-For-Sale/AZ/Maricopa/41378-W-GRANADA-Drive/109759295.html
"
8536 Antelope Drive,
    
White Mountain Lake,

Navajo County,

AZ
85901",236404,5,2,"1,825",Single Level,"
                $350,000 USD
            ",https://www.point2homes.com/US/Home-For-Sale/AZ/White-Mountain-Lake/8536-Antelope-Drive/109752435.html
"
3301 S GOLDFIELD Road 6059,
    
Apache Junction,

Pinal County,

AZ
85119",6252198,2,2,"1,399","Ranch, Ranch","
                $179,000 USD
            ",https://www.point2homes.com/US/Home-For-Sale/AZ/Apache-Junction/3301-S-GOLDFIELD-Road/108005869.html
"
3555 Red Cloud Dr,
    
Lake Havasu City,

Mohave County,

AZ
86406","2, Attached",3,3,"1,517",0.22 Ac,"
                $500,000 USD
            ",https://www.point2homes.com/US/Home-For-Sale/AZ/Lake-Havasu-City/3555-Red-Cloud-Dr/109453814.html
"
11201 N El Mirage Rd,
    
El Mirage,

Maricopa County,

AZ
85335",60.00ft x 90.00ft,2,1,600,0.124 Ac,"
                $26,900 USD
            ",https://www.point2homes.com/US/Home-For-Sale/AZ/El-Mirage/11201-N-El-Mirage-Rd/105579131.html
"
29217 S Sage Ave B205,
    
Wellton,

Yuma County,

AZ
85356",2005,1,1,704,0.016 Ac,"
                $83,000 USD
            ",https://www.point2homes.com/US/Home-For-Sale/AZ/Wellton-CCD/29217-S-Sage-Ave-B205/109643234.html
"
7525 E. 26th St.,
    
Yuma,

Yuma County,

AZ
85365",2000,4,2,"1,907",0.044 Ac,"
                $309,999 USD
            ",https://www.point2homes.com/US/Home-For-Sale/AZ/Yuma-CCD/7525-E-26th-St/109170349.html
"
7746 E Lavender Loop,
    
Prescott Valley,

Yavapai County,

AZ
86315",1038768,2,3,"1,879","Contemporary, Contemporary","
                $455,000 USD
            ",https://www.point2homes.com/US/Home-For-Sale/AZ/Prescott-Valley/7746-E-Lavender-Loop/106795039.html
"
2570 Plaza Hermosa,
    
Lake Havasu City,

Mohave County,

AZ
86406",1982,3,4,"4,274",0.389 Ac,"
                $1,395,000 USD
            ",https://www.point2homes.com/US/Home-For-Sale/AZ/Lake-Havasu-City/2570-Plaza-Hermosa/107082916.html
"
11584 S. Bonnie Ave.,
    
Fortuna Foothills,

Yuma County,

AZ
85367",1982,2,2,960,0.022 Ac,"
                $154,000 USD
            ",https://www.point2homes.com/US/Home-For-Sale/AZ/Fortuna-Foothills/11584-S-Bonnie-Ave/108890043.html
"
703 Quail Run Avenue,
    
Douglas,

Cochise County,

AZ
85607",1987,4,2,"1,514",0.154 Ac,"
                $175,000 USD
            ",https://www.point2homes.com/US/Home-For-Sale/AZ/Douglas/703-Quail-Run-Avenue/106825031.html
"
2496 E PROUTY Lane,
    
Casa Grande,

Pinal County,

AZ
85194",6255633,3,2,"1,653","Ranch, Ranch","
                $485,000 USD
            ",https://www.point2homes.com/US/Home-For-Sale/AZ/Casa-Grande/2496-E-PROUTY-Lane/108303525.html
"
38611 N ARMADILLO Drive,
    
San Tan Valley,

Pinal County,

AZ
85140",6268397,3,2,"1,871","Ranch, Ranch","
                $410,000 USD
            ",https://www.point2homes.com/US/Home-For-Sale/AZ/San-Tan-Valley/38611-N-ARMADILLO-Drive/109493149.html
"
8701 E SANDALWOOD Drive,
    
Scottsdale,

Maricopa County,

AZ
85250",6268524,4,2,"1,760","Ranch, Ranch","
                $599,000 USD
            ",https://www.point2homes.com/US/Home-For-Sale/AZ/Scottsdale/Indian-Bend/8701-E-SANDALWOOD-Drive/109492880.html
"
28572 E LIGURTA LN,
    
Wellton,

Yuma County,

AZ
85356",2,3,2,"1,440",20212964,"
                $248,000 USD
            ",https://www.point2homes.com/US/Home-For-Sale/AZ/Wellton-CCD/28572-E-LIGURTA-LN/109695611.html
"
11485 N 90TH Way,
    
Scottsdale,

Maricopa County,

AZ
85260",6266445,3,2,"1,508","Ranch, Ranch","
                $630,000 USD
            ",https://www.point2homes.com/US/Home-For-Sale/AZ/Scottsdale/Via-Linda-Corridor/11485-N-90TH-Way/109553935.html
"
9230 E ANDORA HILLS Drive,
    
Scottsdale,

Maricopa County,

AZ
85262",6268491,3,4,"4,058","Contemporary, Contemporary","
                $1,495,000 USD
            ",https://www.point2homes.com/US/Home-For-Sale/AZ/Scottsdale/Desert-Mountain/9230-E-ANDORA-HILLS-Drive/109493191.html
"
617 E WATSON Drive,
    
Tempe,

Maricopa County,

AZ
85283",6259177,3,2,"1,266","Ranch, Ranch","
                $400,000 USD
            ",https://www.point2homes.com/US/Home-For-Sale/AZ/Tempe/Pepperwood/617-E-WATSON-Drive/109492709.html
"
5630 S SAGE Way,
    
Gold Canyon,

Pinal County,

AZ
85118",1992,3,2,"2,855",0.162 Ac,"
                $459,000 USD
            ",https://www.point2homes.com/US/Home-For-Sale/AZ/Gold-Canyon/5630-S-SAGE-Way/109492739.html
"
422 S Sun Road,
    
Apache Junction,

Pinal County,

AZ
85119",6270173,4,2,"1,843","Santa Fe, Territorial/Santa Fe","
                $619,000 USD
            ",https://www.point2homes.com/US/Home-For-Sale/AZ/Apache-Junction/422-S-Sun-Road/109699322.html
"
378 W EVERGREEN PEAR Avenue,
    
San Tan Valley,

Pinal County,

AZ
85140",6268309,4,3,"2,261",Santa Barbara/Tuscan,"
                $490,000 USD
            ",https://www.point2homes.com/US/Home-For-Sale/AZ/San-Tan-Valley/378-W-EVERGREEN-PEAR-Avenue/109492914.html
"
25413 W PUEBLO Avenue,
    
Buckeye,

Maricopa County,

AZ
85326",6181875,3,2,"1,747","Ranch, Ranch","
                $565,000 USD
            ",https://www.point2homes.com/US/Home-For-Sale/AZ/Buckeye/Westpark/25413-W-PUEBLO-Avenue/109435961.html
"
392 N 20TH Street,
    
Coolidge,

Pinal County,

AZ
85128",2021,4,2,"1,775",0.134 Ac,"
                $324,485 USD
            ",https://www.point2homes.com/US/Home-For-Sale/AZ/Coolidge/392-N-20TH-Street/109614256.html
"
10363 E SUNFLOWER Lane,
    
Florence,

Pinal County,

AZ
85132",6269035,3,2,"1,831","Ranch, Ranch","
                $299,900 USD
            ",https://www.point2homes.com/US/Home-For-Sale/AZ/Florence/10363-E-SUNFLOWER-Lane/109554004.html
"
9870 E JENAN Drive,
    
Scottsdale,

Maricopa County,

AZ
85260",6255719,4,5,"4,050","Ranch, Ranch","
                $3,200,000 USD
            ",https://www.point2homes.com/US/Home-For-Sale/AZ/Scottsdale/Cactus-Corridor/9870-E-JENAN-Drive/109551538.html
"
15225 N 77TH Drive,
    
Peoria,

Maricopa County,

AZ
85381",2000,4,4,"2,700",0.231 Ac,"
                $575,000 USD
            ",https://www.point2homes.com/US/Home-For-Sale/AZ/Peoria/Crown-Point/15225-N-77TH-Drive/109551611.html
"
7279 E 24 LN,
    
Yuma,

Yuma County,

AZ
85365",1,3,2,"1,562",20212752,"
                $295,000 USD
            ",https://www.point2homes.com/US/Home-For-Sale/AZ/Yuma-CCD/7279-E-24-LN/108963619.html
"
1248 E CLARK Drive,
    
Gilbert,

Maricopa County,

AZ
85297",2006,6,4,"4,046",0.207 Ac,"
                $725,000 USD
            ",https://www.point2homes.com/US/Home-For-Sale/AZ/Gilbert/Estates-at-the-Spectrum/1248-E-CLARK-Drive/109177585.html
"
41971 N MODENA Road,
    
San Tan Valley,

Pinal County,

AZ
85140",2017,3,2,"2,134",0.156 Ac,"
                $450,000 USD
            ",https://www.point2homes.com/US/Home-For-Sale/AZ/San-Tan-Valley/41971-N-MODENA-Road/109177572.html
"
2029 E NUNNELEY Court,
    
Gilbert,

Maricopa County,

AZ
85296",1996,4,2,"1,652",0.169 Ac,"
                $435,500 USD
            ",https://www.point2homes.com/US/Home-For-Sale/AZ/Gilbert/Neely/2029-E-NUNNELEY-Court/109590138.html
"
10826 N 83rd St,
    
Scottsdale,

Maricopa County,

AZ
85260","3,387 USD (2020)",6,2,"2,838",1.1 Ac,"
                $950,000 USD
            ",https://www.point2homes.com/US/Home-For-Sale/AZ/Scottsdale/West-Cactus/10826-N-83rd-St/107772717.html
"
The Denovan Difference,
    
Lake Havasu City,

Mohave County,

AZ
86403",,,,,"
                                ","
                $1,000,000 USD
            ",https://www.point2homes.com/US/Home-For-Sale/AZ/Lake-Havasu-City/The-Denovan-Difference/102755327.html
"
2335 E 11TH Street,
    
Douglas,

Cochise County,

AZ
85607",6258470,3,2,"2,240","Ranch, Ranch","
                $207,000 USD
            ",https://www.point2homes.com/US/Home-For-Sale/AZ/Douglas/2335-E-11TH-Street/108537001.html
"
2893 E PALM BEACH Drive,
    
Chandler,

Maricopa County,

AZ
85249",6268127,4,3,"3,303",Santa Barbara/Tuscan,"
                $630,000 USD
            ",https://www.point2homes.com/US/Home-For-Sale/AZ/Chandler/Springfield/2893-E-PALM-BEACH-Drive/109553860.html
"
This Is What We Do - Before / After,
    
Lake Havasu City,

Mohave County,

AZ
86403","
                                ",,,,"2, Detached","
                $1,000,000 USD
            ",https://www.point2homes.com/US/Home-For-Sale/AZ/Lake-Havasu-City/This-Is-What-We-Do-Before-After/109467923.html
"
11201 N. El Mirage Rd,
    
El Mirage,

Maricopa County,

AZ
85335",60.00ft x 100.00ft,3,2,"1,680",0.138 Ac,"
                $135,000 USD
            ",https://www.point2homes.com/US/Home-For-Sale/AZ/El-Mirage/11201-N-El-Mirage-Rd/101281013.html
"
11201 N. El Mirage Rd.,
    
El Mirage,

Maricopa County,

AZ
85335",50.00ft x 60.00ft,1,1,570,0.069 Ac,"
                $39,500 USD
            ",https://www.point2homes.com/US/Home-For-Sale/AZ/El-Mirage/11201-N-El-Mirage-Rd/104420428.html
"
2878 Plaza Del Oro,
    
Lake Havasu City,

Mohave County,

AZ
86406",1017280,4,4,"3,066","Split Level, Split Level","
                $799,900 USD
            ",https://www.point2homes.com/US/Home-For-Sale/AZ/Lake-Havasu-City/2878-Plaza-Del-Oro/109189801.html
"
1118 E VIA NICOLA --,
    
San Tan Valley,

Pinal County,

AZ
85140",6252029,4,5,"3,418","Ranch, Ranch","
                $700,000 USD
            ",https://www.point2homes.com/US/Home-For-Sale/AZ/San-Tan-Valley/1118-E-VIA-NICOLA-/108011298.html
"
2123 E Glenmar Drive,
    
Prescott,

Yavapai County,

AZ
86301",1040396,2,2,"1,357","Contemporary, Contemporary, Double Wide","
                $279,000 USD
            ",https://www.point2homes.com/US/Home-For-Sale/AZ/Prescott-CCD/2123-E-Glenmar-Drive/109206476.html
"
3875 E SABRA Lane,
    
Gilbert,

Maricopa County,

AZ
85296",6264410,3,3,"1,588",Santa Barbara/Tuscan,"
                $410,000 USD
            ",https://www.point2homes.com/US/Home-For-Sale/AZ/Gilbert/Greenfield-Lakes/3875-E-SABRA-Lane/109492981.html
"
863 N Wild Walnut Drive,
    
Prescott Valley,

Yavapai County,

AZ
86327",1039879,1,1,539,"Contemporary, Add on Mfg/Mob, Single Wide, Contemporary","
                $169,000 USD
            ",https://www.point2homes.com/US/Home-For-Sale/AZ/Prescott-Valley/863-N-Wild-Walnut-Drive/108431439.html
"
653 N Wild Walnut Drive,
    
Prescott Valley,

Yavapai County,

AZ
86327",1040682,2,2,"1,280","Contemporary, Contemporary, Double Wide","
                $244,900 USD
            ",https://www.point2homes.com/US/Home-For-Sale/AZ/Prescott-Valley/653-N-Wild-Walnut-Drive/109596708.html
"
1560 Donamire Circle,
    
Prescott,

Yavapai County,

AZ
86301",1039362,3,2,"2,431","Contemporary, Contemporary, Ranch","
                $776,000 USD
            ",https://www.point2homes.com/US/Home-For-Sale/AZ/Prescott-CCD/1560-Donamire-Circle/107717163.html
"
17271 N 169TH Drive,
    
Surprise,

Maricopa County,

AZ
85374",2005,5,3,"1,818",0.134 Ac,"
                $430,000 USD
            ",https://www.point2homes.com/US/Home-For-Sale/AZ/Surprise/Bell-West-Ranch/17271-N-169TH-Drive/109492797.html
"
851 N Rush Street,
    
Chandler,

Maricopa County,

AZ
85226",6268766,3,2,"1,715","Ranch, Ranch","
                $489,000 USD
            ",https://www.point2homes.com/US/Home-For-Sale/AZ/Chandler/Twelve-Oaks/851-N-Rush-Street/109551412.html
"
425 S 7th Street,
    
Williams,

Coconino County,

AZ
86046",186788,2,1,"1,346",Single Level,"
                $319,900 USD
            ",https://www.point2homes.com/US/Home-For-Sale/AZ/Williams-CCD/425-S-7th-Street/109655223.html
"
7734 S Meadow Spring Way,
    
Tucson,

Pima County,

AZ
85747",22118882,3,2,"1,133","Contemporary, Contemporary, Southwestern","
                $250,000 USD
            ",https://www.point2homes.com/US/Home-For-Sale/AZ/Tucson/Rita-Ranch/7734-S-Meadow-Spring-Way/109598651.html
"
6947 W ENCANTO Boulevard,
    
Phoenix,

Maricopa County,

AZ
85035",1977,3,1,840,0.168 Ac,"
                $235,000 USD
            ",https://www.point2homes.com/US/Home-For-Sale/AZ/Phoenix/Maryvale/6947-W-ENCANTO-Boulevard/109553953.html
"
13666 W CHAPAROSA Way,
    
Peoria,

Maricopa County,

AZ
85383",6258449,3,2,"1,851","Ranch, Ranch","
                $399,900 USD
            ",https://www.point2homes.com/US/Home-For-Sale/AZ/Peoria/Vistancia/13666-W-CHAPAROSA-Way/108591594.html
"
2565 E SOUTHERN Avenue 71,
    
Mesa,

Maricopa County,

AZ
85204",2012,2,2,"1,616",0.063 Ac,"
                $375,000 USD
            ",https://www.point2homes.com/US/Home-For-Sale/AZ/Mesa/Meadowgreen/2565-E-SOUTHERN-Avenue/109590047.html
"
4098 S EMERALD Drive,
    
Buckeye,

Maricopa County,

AZ
85326",6258356,3,2,"1,704","Ranch, Ranch","
                $485,000 USD
            ",https://www.point2homes.com/US/Home-For-Sale/AZ/Buckeye/Westpark/4098-S-EMERALD-Drive/109645965.html
"
40870 W Haley Drive,
    
Maricopa,

Pinal County,

AZ
85138",2021,3,2,"1,896",0.161 Ac,"
                $439,990 USD
            ",https://www.point2homes.com/US/Home-For-Sale/AZ/Maricopa/40870-W-Haley-Drive/109590100.html
"
1894 W MOCKINGBIRD Drive,
    
Chandler,

Maricopa County,

AZ
85286",1996,4,2,"1,833",0.159 Ac,"
                $549,000 USD
            ",https://www.point2homes.com/US/Home-For-Sale/AZ/Chandler/Carrizal/1894-W-MOCKINGBIRD-Drive/109551631.html
"
5452 E BILLINGS Street,
    
Mesa,

Maricopa County,

AZ
85205",6270123,2,2,"1,181","Ranch, Ranch","
                $289,900 USD
            ",https://www.point2homes.com/US/Home-For-Sale/AZ/Mesa/Alta-Mesa/5452-E-BILLINGS-Street/109698065.html
"
4206 W IRWIN Avenue,
    
Phoenix,

Maricopa County,

AZ
85041",2003,4,3,"2,103",0.09 Ac,"
                $370,000 USD
            ",https://www.point2homes.com/US/Home-For-Sale/AZ/Phoenix/South-Mountain-Highland-Terrace/4206-W-IRWIN-Avenue/109590076.html
"
4432 W PARADISE Lane,
    
Glendale,

Maricopa County,

AZ
85306",1980,3,2,"2,221",0.342 Ac,"
                $594,900 USD
            ",https://www.point2homes.com/US/Home-For-Sale/AZ/Glendale/Deerview/4432-W-PARADISE-Lane/109554196.html
"
611 E Yaqui Street,
    
Springerville,

Apache County,

AZ
85938",236623,2,2,"1,064",Single Level,"
                $169,000 USD
            ",https://www.point2homes.com/US/Home-For-Sale/AZ/Springerville/611-E-Yaqui-Street/109548887.html
"
613 N 17TH Street,
    
Coolidge,

Pinal County,

AZ
85128",6270270,3,2,"1,553","Ranch, Ranch","
                $321,755 USD
            ",https://www.point2homes.com/US/Home-For-Sale/AZ/Coolidge/613-N-17TH-Street/109698071.html
"
2592 E SAN RAFAEL Trail,
    
Casa Grande,

Pinal County,

AZ
85194",2007,5,4,"3,297",0.262 Ac,"
                $499,000 USD
            ",https://www.point2homes.com/US/Home-For-Sale/AZ/Casa-Grande/2592-E-SAN-RAFAEL-Trail/109553862.html
"
4028 E CLOVIS Circle,
    
Mesa,

Maricopa County,

AZ
85206",1979,2,2,"1,156",0.131 Ac,"
                $295,000 USD
            ",https://www.point2homes.com/US/Home-For-Sale/AZ/Mesa/Leisure-World/4028-E-CLOVIS-Circle/109554184.html
"
6502 W WAHALLA Lane,
    
Glendale,

Maricopa County,

AZ
85308",6262196,3,2,"1,968","Ranch, Ranch","
                $470,000 USD
            ",https://www.point2homes.com/US/Home-For-Sale/AZ/Glendale/Arrowhead-Ranch/6502-W-WAHALLA-Lane/108917887.html
"
145 N Grande Avenue,
    
Tucson,

Pima County,

AZ
85745",22112874,3,2,"1,244","Ranch, Ranch","
                $389,000 USD
            ",https://www.point2homes.com/US/Home-For-Sale/AZ/Tucson/Menlo-Park/145-N-Grande-Avenue/106673445.html
"
18601 E AGUA VERDE Drive,
    
Rio Verde,

Maricopa County,

AZ
85263",6269062,3,4,"3,876",Santa Barbara/Tuscan,"
                $1,300,000 USD
            ",https://www.point2homes.com/US/Home-For-Sale/AZ/Rio-Verde/18601-E-AGUA-VERDE-Drive/109554188.html
"
1711 W BUTLER Drive,
    
Chandler,

Maricopa County,

AZ
85224",1993,4,2,"1,772",0.231 Ac,"
                $460,000 USD
            ",https://www.point2homes.com/US/Home-For-Sale/AZ/Chandler/San-Marcos/1711-W-BUTLER-Drive/109590089.html
"
40623 W HELEN Court,
    
Maricopa,

Pinal County,

AZ
85138",2019,3,3,"1,431",0.091 Ac,"
                $299,900 USD
            ",https://www.point2homes.com/US/Home-For-Sale/AZ/Maricopa/40623-W-HELEN-Court/109647597.html
"
8242 E SOARING EAGLE Way,
    
Scottsdale,

Maricopa County,

AZ
85266",6269604,5,5,"5,000",Santa Barbara/Tuscan,"
                $1,899,000 USD
            ",https://www.point2homes.com/US/Home-For-Sale/AZ/Scottsdale/Boulders/8242-E-SOARING-EAGLE-Way/109699328.html
"
627 W Woodland Lake Road,
    
Pinetop - Lakeside,

Navajo County,

AZ
85929",186781,2,2,"2,093","A-Frame, Multi-Level, Cabin","
                $698,000 USD
            ",https://www.point2homes.com/US/Home-For-Sale/AZ/Pinetop-Lakeside/627-W-Woodland-Lake-Road/109655219.html
"
1917 S Augusta Circle,
    
Tucson,

Pima County,

AZ
85710",22118399,4,2,"1,608","Ranch, Ranch","
                $299,000 USD
            ",https://www.point2homes.com/US/Home-For-Sale/AZ/Tucson/Harrison-East-South/1917-S-Augusta-Circle/109571399.html
"
14544 W SIERRA Street,
    
Surprise,

Maricopa County,

AZ
85379",2006,3,3,"2,719",0.164 Ac,"
                $475,000 USD
            ",https://www.point2homes.com/US/Home-For-Sale/AZ/Surprise/Mountain-Gate/14544-W-SIERRA-Street/109493031.html
"
9837 E JAEGER Street,
    
Mesa,

Maricopa County,

AZ
85207",6267692,5,5,"4,200","Contemporary, Contemporary","
                $1,150,000 USD
            ",https://www.point2homes.com/US/Home-For-Sale/AZ/Mesa/Desert-Air/9837-E-JAEGER-Street/109438005.html
"
2350 Adobe #258 Road,
    
Bullhead City,

Mohave County,

AZ
86442",1,2,2,"1,456",984301,"
                $125,000 USD
            ",https://www.point2homes.com/US/Home-For-Sale/AZ/Bullhead-City/2350-Adobe-258-Road/109487831.html
"
4385 N Irving Street,
    
Kingman,

Mohave County,

AZ
86409",984447,3,2,"1,104",Site built 1 Story,"
                $179,000 USD
            ",https://www.point2homes.com/US/Home-For-Sale/AZ/Kingman/4385-N-Irving-Street/109644148.html
"
9255 E Ironbark Street,
    
Tucson,

Pima County,

AZ
85747",22118918,3,2,"1,569","Ranch, Ranch","
                $250,000 USD
            ",https://www.point2homes.com/US/Home-For-Sale/AZ/Tucson/Rita-Ranch/9255-E-Ironbark-Street/109510406.html
"
12210 Perseus Rd Plan: Flagstaff Meadows Plan 1941,
    
Flagstaff,

Coconino County,

AZ
86015",2,4,3,"1,941",1491091,"
                $392,900 USD
            ",https://www.point2homes.com/US/Home-For-Sale/AZ/Flagstaff-CCD/Greater-Flagstaff/12210-Perseus-Rd/109696821.html
"
15642 S 31ST Street,
    
Phoenix,

Maricopa County,

AZ
85048",1999,3,2,"1,736",0.139 Ac,"
                $465,000 USD
            ",https://www.point2homes.com/US/Home-For-Sale/AZ/Phoenix/Ahwatukee-Foothills/15642-S-31ST-Street/109614230.html
"
12455 N ANTELOPE MEADOWS Drive,
    
Mingus Mountain,

Yavapai County,

AZ
86315",6254768,4,3,"2,434","Santa Fe, Territorial/Santa Fe","
                $749,999 USD
            ",https://www.point2homes.com/US/Home-For-Sale/AZ/Mingus-Mountain/Woodchute-Mountain/12455-N-ANTELOPE-MEADOWS-Drive/108174359.html
"
8617 S 9TH Street,
    
Phoenix,

Maricopa County,

AZ
85042",1981,3,2,976,0.138 Ac,"
                $314,900 USD
            ",https://www.point2homes.com/US/Home-For-Sale/AZ/Phoenix/South-Mountain-Highland-Terrace/8617-S-9TH-Street/109591042.html
"
1420 Eureka Ridge Way,
    
Prescott,

Yavapai County,

AZ
86303",1040390,3,2,"2,389","Contemporary, Contemporary","
                $750,000 USD
            ",https://www.point2homes.com/US/Home-For-Sale/AZ/Prescott-CCD/1420-Eureka-Ridge-Way/109206494.html
"
20408 N 30TH Way,
    
Phoenix,

Maricopa County,

AZ
85050",1999,4,3,"2,177",0.092 Ac,"
                $475,000 USD
            ",https://www.point2homes.com/US/Home-For-Sale/AZ/Phoenix/Paradise-Valley-Village/20408-N-30TH-Way/109492924.html
"
9801 S 47TH Place,
    
Phoenix,

Maricopa County,

AZ
85044",1983,4,3,"2,215",0.203 Ac,"
                $499,000 USD
            ",https://www.point2homes.com/US/Home-For-Sale/AZ/Phoenix/Ahwatukee-Foothills/9801-S-47TH-Place/108876122.html
"
730 W LEWIS Avenue,
    
Phoenix,

Maricopa County,

AZ
85007",6256914,3,3,"2,688","Ranch, Ranch","
                $725,000 USD
            ",https://www.point2homes.com/US/Home-For-Sale/AZ/Phoenix/Encanto-Village/730-W-LEWIS-Avenue/108536713.html
"
5012 E WINDSTONE Trail,
    
Cave Creek,

Maricopa County,

AZ
85331",6269326,4,2,"2,332","Ranch, Ranch","
                $699,900 USD
            ",https://www.point2homes.com/US/Home-For-Sale/AZ/Cave-Creek/5012-E-WINDSTONE-Trail/109647514.html
"
502 N 2nd Street,
    
Holbrook,

Navajo County,

AZ
86025",1972,2,1,"1,221",Single Level,"
                $45,000 USD
            ",https://www.point2homes.com/US/Home-For-Sale/AZ/Holbrook/502-N-2nd-Street/109613036.html
"
2912 SUMMER Loop,
    
Flagstaff,

Coconino County,

AZ
85931",1994,3,2,"1,902",1.009 Ac,"
                $699,000 USD
            ",https://www.point2homes.com/US/Home-For-Sale/AZ/Flagstaff-CCD/Greater-Flagstaff/2912-SUMMER-Loop/109490124.html
"
17420 N HORSESHOE Lane,
    
Sun City,

Maricopa County,

AZ
85373",1978,3,1,998,0.192 Ac,"
                $225,000 USD
            ",https://www.point2homes.com/US/Home-For-Sale/AZ/Maricopa-County/Sun-City/17420-N-HORSESHOE-Lane/109551465.html
"
10076 E Paradise Drive,
    
Scottsdale,

Maricopa County,

AZ
85260",2006,8,8,"8,625",0.981 Ac,"
                $4,250,000 USD
            ",https://www.point2homes.com/US/Home-For-Sale/AZ/Scottsdale/Cactus-Corridor/10076-E-Paradise-Drive/108097411.html
"
12033 W CARIBBEAN Lane,
    
El Mirage,

Maricopa County,

AZ
85335",6268427,4,2,"1,642","Ranch, Ranch","
                $385,000 USD
            ",https://www.point2homes.com/US/Home-For-Sale/AZ/El-Mirage/12033-W-CARIBBEAN-Lane/109490071.html
"
1844 Marble Canyon Dr,
    
Bullhead City,

Mohave County,

AZ
86442",984322,4,3,"3,294",Site built 1 Story,"
                $560,000 USD
            ",https://www.point2homes.com/US/Home-For-Sale/AZ/Bullhead-City/1844-Marble-Canyon-Dr/109548723.html
"
35394 W SANTA CLARA Avenue,
    
Maricopa,

Pinal County,

AZ
85138",2021,5,3,"2,688",0.124 Ac,"
                $389,990 USD
            ",https://www.point2homes.com/US/Home-For-Sale/AZ/Maricopa/35394-W-SANTA-CLARA-Avenue/109177659.html
"
609 E WESCOTT Drive,
    
Phoenix,

Maricopa County,

AZ
85024",1986,3,3,"1,788",0.128 Ac,"
                $355,000 USD
            ",https://www.point2homes.com/US/Home-For-Sale/AZ/Phoenix/Deer-Valley-Village/609-E-WESCOTT-Drive/109490025.html
"
10720 Admiral Rd,
    
Parker,

La Paz County,

AZ
85344",1958,1,1,600,0.14 Ac,"
                $95,000 USD
            ",https://www.point2homes.com/US/Home-For-Sale/AZ/Cienega-Springs/10720-Admiral-Rd/108332996.html
"
2891 W Calle Del Tigre,
    
Drexel Heights,

Pima County,

AZ
85746",22119027,3,2,"1,101","Ranch, Ranch","
                $210,000 USD
            ",https://www.point2homes.com/US/Home-For-Sale/AZ/Drexel-Heights/2891-W-Calle-Del-Tigre/109571448.html
"
7181 E CAMELBACK Road 503,
    
Scottsdale,

Maricopa County,

AZ
85251",2007,1,2,"1,147","Contemporary, Contemporary","
                $799,000 USD
            ",https://www.point2homes.com/US/Home-For-Sale/AZ/Scottsdale/Downtown-Scottsdale/7181-E-CAMELBACK-Road/109493211.html
"
21519 W WATKINS Street,
    
Buckeye,

Maricopa County,

AZ
85326",6258300,4,2,"1,913","Ranch, Ranch","
                $598,000 USD
            ",https://www.point2homes.com/US/Home-For-Sale/AZ/Buckeye/Sundance/21519-W-WATKINS-Street/108919016.html
"
3207 N 21ST Street,
    
Phoenix,

Maricopa County,

AZ
85016",6268324,3,2,"1,346","Ranch, Ranch","
                $370,000 USD
            ",https://www.point2homes.com/US/Home-For-Sale/AZ/Phoenix/Biltmore/3207-N-21ST-Street/109492649.html
"
3670 Totem Dr,
    
Lake Havasu City,

Mohave County,

AZ
86406",1016996,3,2,"1,484","Ranch, Ranch","
                $360,000 USD
            ",https://www.point2homes.com/US/Home-For-Sale/AZ/Lake-Havasu-City/3670-Totem-Dr/108704941.html
"
3880 VIA DE LA REINA --,
    
Sierra Vista,

Cochise County,

AZ
85650",6249979,4,2,"1,985","Ranch, Ranch","
                $290,000 USD
            ",https://www.point2homes.com/US/Home-For-Sale/AZ/Sierra-Vista/3880-VIA-DE-LA-REINA-/108873204.html
"
305 Mundy Drive 2,
    
Camp Verde - Sedona,

Yavapai County,

AZ
86351",527224,3,2,"3,665","Contemporary, Contemporary","
                $2,100,000 USD
            ",https://www.point2homes.com/US/Home-For-Sale/AZ/Camp-Verde-Sedona/Greater-Camp-Verde/305-Mundy-Drive/109507953.html
"
10829 W PALMERAS Drive,
    
Sun City,

Maricopa County,

AZ
85373",6268733,3,2,"1,508","Ranch, Ranch","
                $320,000 USD
            ",https://www.point2homes.com/US/Home-For-Sale/AZ/Maricopa-County/Sun-City/10829-W-PALMERAS-Drive/109551568.html
"
10427 N 52ND Drive,
    
Glendale,

Maricopa County,

AZ
85302",6264133,3,2,"1,874","Spanish, Spanish","
                $375,000 USD
            ",https://www.point2homes.com/US/Home-For-Sale/AZ/Glendale/Chaparral-Ranch/10427-N-52ND-Drive/109257318.html
"
8695 Laramie Road,
    
Flagstaff,

Coconino County,

AZ
86004",186269,5,4,"3,268",Multi-Level,"
                $789,000 USD
            ",https://www.point2homes.com/US/Home-For-Sale/AZ/Doney-Park/8695-Laramie-Road/108056480.html
"
27606 N 61ST Place,
    
Scottsdale,

Maricopa County,

AZ
85266",2001,4,4,"3,906",0.825 Ac,"
                $1,325,000 USD
            ",https://www.point2homes.com/US/Home-For-Sale/AZ/Maricopa-County/Scottsdale/Monterra/27606-N-61ST-Place/109492724.html
"
2210 Encanto Drive NE,
    
Phoenix,

Maricopa County,

AZ
85007",6258136,4,3,"4,085","Ranch, Ranch","
                $1,450,000 USD
            ",https://www.point2homes.com/US/Home-For-Sale/AZ/Phoenix/Encanto-Village/2210-Encanto-Drive-NE/108479500.html
"
21 County Road N3236,
    
Vernon,

Apache County,

AZ
85940",235593,3,3,"2,500",Cabin,"
                $598,500 USD
            ",https://www.point2homes.com/US/Home-For-Sale/AZ/Vernon/21-County-Road-N3236/107108696.html
"
12230 N 23RD Street,
    
Phoenix,

Maricopa County,

AZ
85022",1962,3,1,"1,276",0.139 Ac,"
                $374,900 USD
            ",https://www.point2homes.com/US/Home-For-Sale/AZ/Phoenix/Paradise-Valley-Village/12230-N-23RD-Street/108479468.html
"
609 E SILVER CREEK Road,
    
Gilbert,

Maricopa County,

AZ
85296",6268513,4,2,"2,134","Ranch, Ranch","
                $575,000 USD
            ",https://www.point2homes.com/US/Home-For-Sale/AZ/Gilbert/Neely/609-E-SILVER-CREEK-Road/109493028.html
"
5040 E Boulder Canyon Drive,
    
Verde Village,

Yavapai County,

AZ
86325",527231,3,2,"2,280","Contemporary, Contemporary, Southwest","
                $595,000 USD
            ",https://www.point2homes.com/US/Home-For-Sale/AZ/Verde-Village/5040-E-Boulder-Canyon-Drive/109568777.html
"
19236 W ALICE Court,
    
Waddell,

Maricopa County,

AZ
85355",6253011,6,4,"4,740","Ranch, Ranch","
                $899,900 USD
            ",https://www.point2homes.com/US/Home-For-Sale/AZ/Waddell/19236-W-ALICE-Court/108174515.html
"
3401 W Willis,
    
Show Low,

Navajo County,

AZ
85901",236738,2,2,"1,992",Single Level,"
                $385,000 USD
            ",https://www.point2homes.com/US/Home-For-Sale/AZ/Show-Low/3401-W-Willis/109613041.html
"
15131 E WESTRIDGE Drive,
    
Fountain Hills,

Maricopa County,

AZ
85268",6268953,4,4,"3,689","Contemporary, Contemporary","
                $1,150,000 USD
            ",https://www.point2homes.com/US/Home-For-Sale/AZ/Fountain-Hills/Westridge-Village/15131-E-WESTRIDGE-Drive/109554177.html
"
16249 W CENTRAL Street,
    
Surprise,

Maricopa County,

AZ
85374",2002,4,3,"2,320",0.17 Ac,"
                $399,000 USD
            ",https://www.point2homes.com/US/Home-For-Sale/AZ/Surprise/Mountain-Vista-Ranch/16249-W-CENTRAL-Street/109554183.html
"
7125 S Missiondale Road,
    
Tucson,

Pima County,

AZ
85756",22118813,4,2,"1,522","Contemporary, Contemporary","
                $249,400 USD
            ",https://www.point2homes.com/US/Home-For-Sale/AZ/Tucson/Elvira/7125-S-Missiondale-Road/109571431.html
"
6249 E BECK Lane,
    
Scottsdale,

Maricopa County,

AZ
85254",1984,3,2,"1,415",0.146 Ac,"
                $525,000 USD
            ",https://www.point2homes.com/US/Home-For-Sale/AZ/Scottsdale/West-Cactus/6249-E-BECK-Lane/109590082.html
"
16756 W COCOPAH Street,
    
Goodyear,

Maricopa County,

AZ
85338",6260254,5,4,"4,070",Santa Barbara/Tuscan,"
                $575,000 USD
            ",https://www.point2homes.com/US/Home-For-Sale/AZ/Goodyear/Canyon-Trails/16756-W-COCOPAH-Street/108876102.html
"
7242 S Kachina Place,
    
Gold Canyon,

Pinal County,

AZ
85118",2021,4,3,"2,834",0.201 Ac,"
                $604,990 USD
            ",https://www.point2homes.com/US/Home-For-Sale/AZ/Gold-Canyon/7242-S-Kachina-Place/109551545.html
"
7231 W MULBERRY Drive,
    
Phoenix,

Maricopa County,

AZ
85033",6269298,4,2,"1,740","Ranch, Ranch","
                $350,000 USD
            ",https://www.point2homes.com/US/Home-For-Sale/AZ/Phoenix/Maryvale/7231-W-MULBERRY-Drive/109551606.html
"
9351 East 28th St 10,
    
Yuma,

Yuma County,

AZ
85365",2,2,2,"1,056",10955380,"
                $49,900 USD
            ",https://www.point2homes.com/US/Home-For-Sale/AZ/Yuma-CCD/9351-East-28th-St/109658511.html
"
56003 N VULTURE MINE Road,
    
Wickenburg,

Maricopa County,

AZ
85390",6265955,3,3,"2,248","Ranch, Ranch, Territorial/Santa Fe","
                $595,000 USD
            ",https://www.point2homes.com/US/Home-For-Sale/AZ/Wickenburg/56003-N-VULTURE-MINE-Road/109254351.html
"
4834 E CHARLESTON Avenue,
    
Scottsdale,

Maricopa County,

AZ
85254",6269191,3,2,"2,344","Ranch, Ranch","
                $734,900 USD
            ",https://www.point2homes.com/US/Home-For-Sale/AZ/Scottsdale/West-Cactus/4834-E-CHARLESTON-Avenue/109554000.html
"
3463 W KING Drive,
    
Anthem,

Maricopa County,

AZ
85086",6263703,3,2,"2,130","Ranch, Ranch","
                $460,000 USD
            ",https://www.point2homes.com/US/Home-For-Sale/AZ/Phoenix/3463-W-KING-Drive/109590129.html
"
8213 W Mescalero Road,
    
Payson,

Gila County,

AZ
85541",6268697,2,2,"1,200","Ranch, Ranch","
                $225,000 USD
            ",https://www.point2homes.com/US/Home-For-Sale/AZ/Mesa-del-Caballo/8213-W-Mescalero-Road/109554026.html
"
310 N Flynn Jans Court,
    
Pearce,

Cochise County,

AZ
85625",22119071,3,3,"1,782","Santa Fe, Santa Fe","
                $147,000 USD
            ",https://www.point2homes.com/US/Home-For-Sale/AZ/Pearce/310-N-Flynn-Jans-Court/109619276.html
"
4231 Gila Drive,
    
Lake of the Woods,

Navajo County,

AZ
85929",1970,2,2,"1,007",0.34 Ac,"
                $298,000 USD
            ",https://www.point2homes.com/US/Home-For-Sale/AZ/Lake-of-the-Woods/4231-Gila-Drive/109699296.html
"
5635 E LINCOLN Drive 10,
    
Paradise Valley,

Maricopa County,

AZ
85253",6269138,3,4,"2,948","Contemporary, Contemporary, Territorial/Santa Fe","
                $2,900,000 USD
            ",https://www.point2homes.com/US/Home-For-Sale/AZ/Paradise-Valley/5635-E-LINCOLN-Drive/109551655.html
"
6825 N 1st Place ,
    
Phoenix,

Maricopa County,

AZ
85012","
                                ",5,5.5,"3,968",1993,"
                $1,500,000 USD
            ",https://www.point2homes.com/US/Home-For-Sale/AZ/Maricopa-County/Phoenix/Camelback-East/6825-N-1st-Place-/109727339.html
"
918 Joshua Tree Dr,
    
Lake Havasu City,

Mohave County,

AZ
86404",1995,3,2,"1,254",0.23 Ac,"
                $369,900 USD
            ",https://www.point2homes.com/US/Home-For-Sale/AZ/Lake-Havasu-City/918-Joshua-Tree-Dr/109261787.html
"
2985 S AVE A,
    
Yuma,

Yuma County,

AZ
85364",2,6,3,"2,769",20212971,"
                $385,000 USD
            ",https://www.point2homes.com/US/Home-For-Sale/AZ/Yuma-CCD/2985-S-AVE-A/109752819.html
"
6025 E THUNDERBIRD Road,
    
Scottsdale,

Maricopa County,

AZ
85254",6254167,5,4,"5,000","Spanish, Spanish","
                $1,699,000 USD
            ",https://www.point2homes.com/US/Home-For-Sale/AZ/Scottsdale/West-Cactus/6025-E-THUNDERBIRD-Road/109492985.html
"
2044 S HERON Lane,
    
Gilbert,

Maricopa County,

AZ
85295",2006,3,3,"2,072",0.099 Ac,"
                $479,900 USD
            ",https://www.point2homes.com/US/Home-For-Sale/AZ/Gilbert/Lyons-Gate/2044-S-HERON-Lane/108300828.html
"
2830 S TUMBLEWEED Lane,
    
Chandler,

Maricopa County,

AZ
85286",1999,4,3,"2,350",0.172 Ac,"
                $574,900 USD
            ",https://www.point2homes.com/US/Home-For-Sale/AZ/Chandler/Arden-Park/2830-S-TUMBLEWEED-Lane/109554157.html
"
2200 S Old Black Canyon Highway,
    
Dewey - Humboldt,

Yavapai County,

AZ
86327",1040640,2,1,"1,137","Ranch, Ranch","
                $439,000 USD
            ",https://www.point2homes.com/US/Home-For-Sale/AZ/Dewey-Humboldt/2200-S-Old-Black-Canyon-Highway/109567621.html
"
30315 N 154TH Place,
    
Scottsdale,

Maricopa County,

AZ
85262",6264541,4,3,"3,359","Santa Fe, Territorial/Santa Fe","
                $875,000 USD
            ",https://www.point2homes.com/US/Home-For-Sale/AZ/Scottsdale/Sunrise-Desert-Vistas/30315-N-154TH-Place/109759167.html
"
3450 N PLATINA Circle,
    
Mesa,

Maricopa County,

AZ
85215",1995,5,3,"2,834",0.251 Ac,"
                $555,000 USD
            ",https://www.point2homes.com/US/Home-For-Sale/AZ/Mesa/Alta-Mesa/3450-N-PLATINA-Circle/109590062.html
"
2677 E Reata Ridge Place,
    
Sahuarita,

Pima County,

AZ
85614",22112979,3,4,"2,893","Contemporary, Contemporary","
                $649,000 USD
            ",https://www.point2homes.com/US/Home-For-Sale/AZ/Sahuarita/2677-E-Reata-Ridge-Place/107723083.html
"
4129 E DRAGOON Avenue,
    
Mesa,

Maricopa County,

AZ
85206",1979,3,2,"1,867",0.158 Ac,"
                $459,700 USD
            ",https://www.point2homes.com/US/Home-For-Sale/AZ/Mesa/Leisure-World/4129-E-DRAGOON-Avenue/109759286.html
"
750 Mines Pass,
    
Prescott,

Yavapai County,

AZ
86301",1040739,5,4,"3,823","Contemporary, Contemporary, Walkout Basement","
                $799,000 USD
            ",https://www.point2homes.com/US/Home-For-Sale/AZ/Prescott-CCD/750-Mines-Pass/109774111.html
"
1728 S 42 AVE,
    
Yuma,

Yuma County,

AZ
85364",1,3,2,"2,212",20212956,"
                $365,000 USD
            ",https://www.point2homes.com/US/Home-For-Sale/AZ/Yuma-CCD/1728-S-42-AVE/109752817.html
"
1775 S Equestrian Way,
    
Cornville,

Yavapai County,

AZ
86325",527010,4,3,"3,774","Pueblo, Santa Fe/Pueblo","
                $1,485,000 USD
            ",https://www.point2homes.com/US/Home-For-Sale/AZ/Cornville/1775-S-Equestrian-Way/108432675.html
"
4640 N Montezuma Ave,
    
Lake Montezuma,

Yavapai County,

AZ
86335",527094,2,2,"1,613","Cottage, Cottage, Ranch","
                $347,000 USD
            ",https://www.point2homes.com/US/Home-For-Sale/AZ/Lake-Montezuma/4640-N-Montezuma-Ave/108830679.html
"
30191 N YUCCA Drive,
    
Florence,

Pinal County,

AZ
85132",6269941,4,2,"1,793","Ranch, Ranch","
                $299,900 USD
            ",https://www.point2homes.com/US/Home-For-Sale/AZ/Florence/30191-N-YUCCA-Drive/109756580.html
"
7726 E PARK VIEW Drive,
    
Mesa,

Maricopa County,

AZ
85208",1980,2,2,"1,100",0.027 Ac,"
                $285,000 USD
            ",https://www.point2homes.com/US/Home-For-Sale/AZ/Mesa/Fountain-of-the-Sun/7726-E-PARK-VIEW-Drive/109756996.html
"
12825 S 209TH Lane,
    
Buckeye,

Maricopa County,

AZ
85326",6270352,4,2,"2,000","Ranch, Ranch","
                $500,000 USD
            ",https://www.point2homes.com/US/Home-For-Sale/AZ/Buckeye/Rainbow-Valley/12825-S-209TH-Lane/109759218.html
"
2658 N Vuelta Vista Campestre,
    
Tucson,

Pima County,

AZ
85715",22119264,3,2,"1,890","Santa Fe, Santa Fe","
                $376,850 USD
            ",https://www.point2homes.com/US/Home-For-Sale/AZ/Tucson/Rancho-Perdido-Estates/2658-N-Vuelta-Vista-Campestre/109776893.html
"
17775 N 101ST Way,
    
Scottsdale,

Maricopa County,

AZ
85255",6260603,3,3,"2,653",Santa Barbara/Tuscan,"
                $1,495,000 USD
            ",https://www.point2homes.com/US/Home-For-Sale/AZ/Scottsdale/McDowell-Mountain-Ranch/17775-N-101ST-Way/109759183.html
"
2736 Emerson Ave Avenue,
    
Kingman,

Mohave County,

AZ
86401",2009,3,2,"1,429",Site built 1 Story,"
                $243,000 USD
            ",https://www.point2homes.com/US/Home-For-Sale/AZ/Kingman/2736-Emerson-Ave-Avenue/109752138.html
"
416 N 42nd Street,
    
Phoenix,

Maricopa County,

AZ
85008",6270398,3,1,934,"Ranch, Ranch","
                $290,000 USD
            ",https://www.point2homes.com/US/Home-For-Sale/AZ/Maricopa-County/Phoenix/Camelback-East/416-N-42nd-Street/109757004.html
"
5212 N Lone Drive,
    
Prescott Valley,

Yavapai County,

AZ
86314",1040720,3,2,"1,216","Ranch, Ranch","
                $379,900 USD
            ",https://www.point2homes.com/US/Home-For-Sale/AZ/Prescott-Valley/5212-N-Lone-Drive/109774113.html
"
14847 W WINDROSE Drive,
    
Surprise,

Maricopa County,

AZ
85379",6264416,3,2,"1,337","Spanish, Spanish","
                $326,000 USD
            ",https://www.point2homes.com/US/Home-For-Sale/AZ/Surprise/Marley-Park/14847-W-WINDROSE-Drive/109759211.html
"
28754 N. 107th Street ,
    
Scottsdale,

Maricopa County,

AZ
85262","
                                ",3,3,"4,033","
                                ","
                $1,590,000 USD
            ",https://www.point2homes.com/US/Home-For-Sale/AZ/Scottsdale/Troon/28754-N-107th-Street-/109727434.html
"
9310 E SATURN Avenue,
    
Mesa,

Maricopa County,

AZ
85212",6265509,3,2,"1,377","Contemporary, Contemporary","
                $444,520 USD
            ",https://www.point2homes.com/US/Home-For-Sale/AZ/Mesa/Eastmark/9310-E-SATURN-Avenue/109756675.html
"
2520 Tovar Ln,
    
Lake Havasu City,

Mohave County,

AZ
86403",1017459,3,2,"1,500","Ranch, Ranch","
                $399,900 USD
            ",https://www.point2homes.com/US/Home-For-Sale/AZ/Lake-Havasu-City/2520-Tovar-Ln/109769080.html
"
5712 N 72ND Place,
    
Scottsdale,

Maricopa County,

AZ
85250",6269694,3,2,"2,475","Spanish, Spanish","
                $595,000 USD
            ",https://www.point2homes.com/US/Home-For-Sale/AZ/Scottsdale/Monterey/5712-N-72ND-Place/109757010.html
"
5714 N ECHO CANYON Drive,
    
Phoenix,

Maricopa County,

AZ
85018",6270426,2,3,"3,478",Santa Barbara/Tuscan,"
                $2,500,000 USD
            ",https://www.point2homes.com/US/Home-For-Sale/AZ/Maricopa-County/Phoenix/Camelback-East/5714-N-ECHO-CANYON-Drive/109756609.html
"
4784 W Daphne Lane,
    
Tortolita,

Pima County,

AZ
85742",22119190,3,2,"1,424","Contemporary, Contemporary","
                $270,000 USD
            ",https://www.point2homes.com/US/Home-For-Sale/AZ/Baja-Arizona/Tortolita/4784-W-Daphne-Lane/109776883.html
"
3015 N BROOKLYN Drive,
    
Buckeye,

Maricopa County,

AZ
85396",6270428,4,3,"2,659","Ranch, Ranch","
                $429,595 USD
            ",https://www.point2homes.com/US/Home-For-Sale/AZ/Buckeye/Hassayampa-Ranches/3015-N-BROOKLYN-Drive/109759162.html
"
15011 W Highland Avenue,
    
Goodyear,

Maricopa County,

AZ
85395",2006,4,3,"3,508",0.265 Ac,"
                $750,000 USD
            ",https://www.point2homes.com/US/Home-For-Sale/AZ/Goodyear/Pebblecreek/15011-W-Highland-Avenue/109759196.html
"
10613 W CHERRY TREE Lane,
    
Sun City,

Maricopa County,

AZ
85373",6270503,2,2,"1,062","Ranch, Ranch","
                $270,000 USD
            ",https://www.point2homes.com/US/Home-For-Sale/AZ/Maricopa-County/Sun-City/10613-W-CHERRY-TREE-Lane/109756843.html
"
13290 N 144TH Lane,
    
Surprise,

Maricopa County,

AZ
85379",2019,3,2,"1,323",0.083 Ac,"
                $380,000 USD
            ",https://www.point2homes.com/US/Home-For-Sale/AZ/Surprise/Marley-Park/13290-N-144TH-Lane/109756612.html
"
21380 W MONTE VISTA Road,
    
Buckeye,

Maricopa County,

AZ
85396",6268364,4,2,"1,795","Ranch, Ranch","
                $404,900 USD
            ",https://www.point2homes.com/US/Home-For-Sale/AZ/Buckeye/Verrado/21380-W-MONTE-VISTA-Road/109759190.html
"
16300 N NAEGEL Drive,
    
Surprise,

Maricopa County,

AZ
85374",6270486,3,2,"1,585","Contemporary, Contemporary","
                $390,000 USD
            ",https://www.point2homes.com/US/Home-For-Sale/AZ/Surprise/West-Point/16300-N-NAEGEL-Drive/109756729.html
"
5954 N Cazador Drive,
    
Eloy,

Pinal County,

AZ
85131",6269064,2,2,"1,510","Spanish, Spanish","
                $355,000 USD
            ",https://www.point2homes.com/US/Home-For-Sale/AZ/Eloy/5954-N-Cazador-Drive/109756766.html
"
2886 Hillview Drive,
    
Bullhead City,

Mohave County,

AZ
86442",2004,3,3,"2,241",Site built 1 Story,"
                $679,000 USD
            ",https://www.point2homes.com/US/Home-For-Sale/AZ/Bullhead-City/2886-Hillview-Drive/109752126.html
"
816 Chureo ,
    
Prescott,

Yavapai County,

AZ
86301","
                                ",2,2.5,"2,246",2017,"
                $829,000 USD
            ",https://www.point2homes.com/US/Home-For-Sale/AZ/Prescott-CCD/816-Chureo-/108435675.html
"
7816 Moonbeam Drive,
    
Flagstaff,

Coconino County,

AZ
86004",186796,3,1,970,Single Level,"
                $325,000 USD
            ",https://www.point2homes.com/US/Home-For-Sale/AZ/Doney-Park/7816-Moonbeam-Drive/109773034.html
"
1782 Pacific Avenue,
    
Prescott,

Yavapai County,

AZ
86301",1040727,3,2,"1,925","Contemporary, Contemporary","
                $498,500 USD
            ",https://www.point2homes.com/US/Home-For-Sale/AZ/Prescott-CCD/1782-Pacific-Avenue/109774110.html
"
12602 W Morning Vista Drive,
    
Peoria,

Maricopa County,

AZ
85383",2005,4,3,"2,763",0.171 Ac,"
                $585,000 USD
            ",https://www.point2homes.com/US/Home-For-Sale/AZ/Peoria/Vistancia/12602-W-Morning-Vista-Drive/109759265.html
"
247 N MONTEREY Court,
    
Casa Grande,

Pinal County,

AZ
85194",6253804,2,2,"1,648","Ranch, Ranch","
                $335,000 USD
            ",https://www.point2homes.com/US/Home-For-Sale/AZ/Casa-Grande/247-N-MONTEREY-Court/109759159.html
"
420 Panorama Blvd,
    
Sedona,

Yavapai County,

AZ
86336",527286,2,2,"2,012","Ranch, Ranch","
                $839,000 USD
            ",https://www.point2homes.com/US/Home-For-Sale/AZ/Sedona/420-Panorama-Blvd/109774959.html
"
5109 E Gelding Drive,
    
Scottsdale,

Maricopa County,

AZ
85254",1979,4,2,"2,064",0.256 Ac,"
                $825,000 USD
            ",https://www.point2homes.com/US/Home-For-Sale/AZ/Scottsdale/West-Cactus/5109-E-Gelding-Drive/109756972.html
"
3161 Trail End,
    
Heber - Overgaard,

Navajo County,

AZ
85933",236796,3,3,"2,420",Multi-Level,"
                $559,900 USD
            ",https://www.point2homes.com/US/Home-For-Sale/AZ/Heber-Overgaard/3161-Trail-End/109752438.html
"
10525 W PASADENA Avenue,
    
Glendale,

Maricopa County,

AZ
85307",6270403,3,2,"1,297","Ranch, Ranch","
                $355,000 USD
            ",https://www.point2homes.com/US/Home-For-Sale/AZ/Glendale/Glendale-Airport/10525-W-PASADENA-Avenue/109756995.html
"
21431 N MORNING DOVE Drive,
    
Sun City West,

Maricopa County,

AZ
85375",6270038,3,2,"2,528","Ranch, Ranch","
                $398,900 USD
            ",https://www.point2homes.com/US/Home-For-Sale/AZ/Sun-City-West/21431-N-MORNING-DOVE-Drive/109756577.html
"
1328 Sierry Peaks Drive,
    
Prescott,

Yavapai County,

AZ
86305",1039833,4,3,"3,542","Contemporary, Contemporary","
                $1,100,000 USD
            ",https://www.point2homes.com/US/Home-For-Sale/AZ/Prescott-CCD/1328-Sierry-Peaks-Drive/108337800.html
"
10994 W Rio Vista Lane,
    
Avondale,

Maricopa County,

AZ
85323",6268322,3,2,"1,319","Ranch, Ranch","
                $330,000 USD
            ",https://www.point2homes.com/US/Home-For-Sale/AZ/Avondale/Durango-Park/10994-W-Rio-Vista-Lane/109756874.html
"
9313 E STATIC Avenue,
    
Mesa,

Maricopa County,

AZ
85212",2021,4,3,"2,668",0.092 Ac,"
                $526,670 USD
            ",https://www.point2homes.com/US/Home-For-Sale/AZ/Mesa/Eastmark/9313-E-STATIC-Avenue/109751758.html
"
15415 S 16TH Avenue,
    
Phoenix,

Maricopa County,

AZ
85045",1994,4,3,"2,894",0.172 Ac,"
                $699,900 USD
            ",https://www.point2homes.com/US/Home-For-Sale/AZ/Phoenix/Ahwatukee-Foothills/15415-S-16TH-Avenue/109757016.html
"
2771 N Van Buren Avenue,
    
Tucson,

Pima County,

AZ
85712",22119268,4,2,"1,535","Ranch, Ranch","
                $319,000 USD
            ",https://www.point2homes.com/US/Home-For-Sale/AZ/Tucson/Old-Fort-Lowell/2771-N-Van-Buren-Avenue/109776885.html
"
5164 N Long Rifle Road,
    
Prescott Valley,

Yavapai County,

AZ
86314",2001,3,2,"1,581",0.2 Ac,"
                $375,000 USD
            ",https://www.point2homes.com/US/Home-For-Sale/AZ/Prescott-Valley/5164-N-Long-Rifle-Road/109506609.html
"
661 S Angelas Place,
    
Show Low,

Navajo County,

AZ
85901",236788,3,2,"1,648",Single Level,"
                $419,900 USD
            ",https://www.point2homes.com/US/Home-For-Sale/AZ/Show-Low/661-S-Angelas-Place/109752439.html
"
8538 W IRMA Lane,
    
Peoria,

Maricopa County,

AZ
85382",2002,4,3,"2,897",0.26 Ac,"
                $675,000 USD
            ",https://www.point2homes.com/US/Home-For-Sale/AZ/Peoria/Fletcher-Heights/8538-W-IRMA-Lane/109756913.html
"
6855 W Lightning Ridge Place,
    
Tucson,

Pima County,

AZ
85745",22116237,4,4,"2,731","Ranch, Ranch, Southwestern, Santa Fe","
                $725,000 USD
            ",https://www.point2homes.com/US/Home-For-Sale/AZ/Tucson/Del-Cerro-Estates/6855-W-Lightning-Ridge-Place/108195934.html
"
220 S 17th Place,
    
Cottonwood,

Yavapai County,

AZ
86326",527124,3,4,"1,440","Ranch, Ranch, Southwest","
                $485,000 USD
            ",https://www.point2homes.com/US/Home-For-Sale/AZ/Yavapai-County/Cottonwood/220-S-17th-Place/108989999.html
"
5896 S Copper Hills Drive,
    
Tucson,

Pima County,

AZ
85747",22119233,5,4,"4,071","Contemporary, Contemporary","
                $569,900 USD
            ",https://www.point2homes.com/US/Home-For-Sale/AZ/Tucson/Civano/5896-S-Copper-Hills-Drive/109776865.html
"
7324 W St Catherine Ave ,
    
Laveen,

Maricopa County,

AZ
85339","
                                ",4,2,"1,914",2007,"
                $365,000 USD
            ",https://www.point2homes.com/US/Home-For-Sale/AZ/Laveen/7324-W-St-Catherine-Ave-/109709101.html
"
11 COUNTY RD. 2069 LOT 83, AVE,
    
Escudilla,

Apache County,

AZ
85920",236793,2,2,"1,440","Cabin, Single Level","
                $397,500 USD
            ",https://www.point2homes.com/US/Home-For-Sale/AZ/Springerville-Fort-Apache/Escudilla/11-COUNTY-RD-2069/109752431.html
"
9512 N Albatross Drive,
    
Tortolita,

Pima County,

AZ
85742",22031387,4,3,"1,930","Contemporary, Contemporary","
                $289,900 USD
            ",https://www.point2homes.com/US/Home-For-Sale/AZ/Baja-Arizona/Tortolita/9512-N-Albatross-Drive/109776873.html
"
816 Chureo Street,
    
Prescott,

Yavapai County,

AZ
86301",1039887,2,3,"2,246","Contemporary, Contemporary","
                $829,000 USD
            ",https://www.point2homes.com/US/Home-For-Sale/AZ/Prescott-CCD/816-Chureo-Street/108491670.html
"
704 W Rim Road,
    
Pinetop - Lakeside,

Navajo County,

AZ
85929",236802,2,2,"1,237","Cabin, Multi-Level","
                $350,000 USD
            ",https://www.point2homes.com/US/Home-For-Sale/AZ/Pinetop-Lakeside/704-W-Rim-Road/109752421.html
"
23936 S STONEY LAKE Drive,
    
Sun Lakes,

Maricopa County,

AZ
85248",2003,4,3,"3,435",0.175 Ac,"
                $875,000 USD
            ",https://www.point2homes.com/US/Home-For-Sale/AZ/Chandler/23936-S-STONEY-LAKE-Drive/109759324.html
"
964 W HOPI Drive,
    
Coolidge,

Pinal County,

AZ
85128",6270481,3,2,"1,570","Ranch, Ranch","
                $258,500 USD
            ",https://www.point2homes.com/US/Home-For-Sale/AZ/Coolidge/964-W-HOPI-Drive/109756814.html
"
8142 S Circle S Ranch Place,
    
Rincon Valley,

Pima County,

AZ
85641",22118913,3,3,"2,488","Contemporary, Contemporary, Santa Fe","
                $650,000 USD
            ",https://www.point2homes.com/US/Home-For-Sale/AZ/Baja-Arizona/Coronado/8142-S-Circle-S-Ranch-Place/109776888.html
"
18050 W CAROL Avenue,
    
Waddell,

Maricopa County,

AZ
85355",6270354,5,3,"2,318","Ranch, Ranch","
                $430,000 USD
            ",https://www.point2homes.com/US/Home-For-Sale/AZ/Waddell/18050-W-CAROL-Avenue/109756893.html
"
4115 E WAGONER Road,
    
Phoenix,

Maricopa County,

AZ
85032",6270326,3,2,"1,613","Ranch, Ranch","
                $362,500 USD
            ",https://www.point2homes.com/US/Home-For-Sale/AZ/Phoenix/Paradise-Valley-Village/4115-E-WAGONER-Road/109756726.html
"
7024 W TOWNLEY Avenue,
    
Peoria,

Maricopa County,

AZ
85345",2021,4,3,"2,608",0.145 Ac,"
                $499,000 USD
            ",https://www.point2homes.com/US/Home-For-Sale/AZ/Peoria/Foxfire/7024-W-TOWNLEY-Avenue/109756982.html
"
2036 E JULIAN Drive,
    
Casa Grande,

Pinal County,

AZ
85122",2021,4,2,"1,880",0.216 Ac,"
                $345,990 USD
            ",https://www.point2homes.com/US/Home-For-Sale/AZ/Casa-Grande/2036-E-JULIAN-Drive/109756581.html
"
7636 E Buena Vista Drive,
    
Prescott Valley,

Yavapai County,

AZ
86314",1040123,3,2,"1,286","Contemporary, Contemporary","
                $355,000 USD
            ",https://www.point2homes.com/US/Home-For-Sale/AZ/Prescott-Valley/7636-E-Buena-Vista-Drive/108768022.html
"
16610 South 37th Way ,
    
Phoenix,

Maricopa County,

AZ
85048","
                                ",5,3,"3,250",1992,"
                $700,000 USD
            ",https://www.point2homes.com/US/Home-For-Sale/AZ/Phoenix/Ahwatukee-Foothills/16610-South-37th-Way-/109599204.html
"
3825 N Santa Cruz Road,
    
Golden Valley,

Mohave County,

AZ
86413",1973,3,2,"1,050",1 Ac,"
                $105,000 USD
            ",https://www.point2homes.com/US/Home-For-Sale/AZ/Golden-Valley/3825-N-Santa-Cruz-Road/109752125.html
